build	Install Repo Tool, Magiskboot & unpack_bootimg	﻿2026-10-05T19:12:00.3325193Z ##[group]Run mkdir -p ~/bin
build	Install Repo Tool, Magiskboot & unpack_bootimg	2026-10-05T19:12:00.3325536Z ^[[36;1mmkdir -p ~/bin^[[0m
build	Install Repo Tool, Magiskboot & unpack_bootimg	2026-10-05T19:12:00.3325929Z ^[[36;1mcurl https://storage.googleapis.com/git-repo-downloads/repo > ~/bin/repo^[[0m
build	Install Repo Tool, Magiskboot & unpack_bootimg	2026-10-05T19:12:00.3326362Z ^[[36;1mchmod a+x ~/bin/repo^[[0m
build	Install Repo Tool, Magiskboot & unpack_bootimg	2026-10-05T19:12:00.3326617Z ^[[36;1mecho "$HOME/bin" >> $GITHUB_PATH^[[0m
build	Install Repo Tool, Magiskboot & unpack_bootimg	2026-10-05T19:12:00.3326874Z ^[[36;1m^[[0m
build	Install Repo Tool, Magiskboot & unpack_bootimg	2026-10-05T19:12:00.3327062Z ^[[36;1m# Magisk v27.0 magiskboot^[[0m
build	Install Repo Tool, Magiskboot & unpack_bootimg	2026-10-05T19:12:00.3327590Z ^[[36;1mcurl -sSLf https://github.com/topjohnwu/Magisk/releases/download/v27.0/Magisk-v27.0.apk -o /tmp/magisk.apk^[[0m
build	Install Repo Tool, Magiskboot & unpack_bootimg	2026-10-05T19:12:00.3328203Z ^[[36;1munzip -o /tmp/magisk.apk -d /tmp/magisk_extracted^[[0m
build	Install Repo Tool, Magiskboot & unpack_bootimg	2026-10-05T19:12:00.3328703Z ^[[36;1mcp $(find /tmp/magisk_extracted -name "libmagiskboot.so" | grep "x86_64") ~/bin/magiskboot^[[0m
build	Install Repo Tool, Magiskboot & unpack_bootimg	2026-10-05T19:12:00.3329155Z ^[[36;1mchmod +x ~/bin/magiskboot^[[0m
build	Install Repo Tool, Magiskboot & unpack_bootimg	2026-10-05T19:12:00.3329394Z ^[[36;1m^[[0m
build	Install Repo Tool, Magiskboot & unpack_bootimg	2026-10-05T19:12:00.3329711Z ^[[36;1m# unpack_bootimg (AOSP) — корректно обрабатывает vendor_boot v3/v4^[[0m
build	Install Repo Tool, Magiskboot & unpack_bootimg	2026-10-05T19:12:00.3330376Z ^[[36;1mgit clone --depth=1 https://android.googlesource.com/platform/system/tools/mkbootimg /tmp/mkbootimg^[[0m
build	Install Repo Tool, Magiskboot & unpack_bootimg	2026-10-05T19:12:00.3331004Z ^[[36;1mcd /tmp/mkbootimg && go build -o ~/bin/unpack_bootimg ./unpack_bootimg^[[0m
build	Install Repo Tool, Magiskboot & unpack_bootimg	2026-10-05T19:12:00.3331394Z ^[[36;1mchmod +x ~/bin/unpack_bootimg^[[0m
build	Install Repo Tool, Magiskboot & unpack_bootimg	2026-10-05T19:12:00.3379751Z shell: /usr/bin/bash -e {0}
build	Install Repo Tool, Magiskboot & unpack_bootimg	2026-10-05T19:12:00.3380020Z ##[endgroup]
build	Install Repo Tool, Magiskboot & unpack_bootimg	2026-10-05T19:12:00.3548685Z   % Total    % Received % Xferd  Average Speed   Time    Time     Time  Current
build	Install Repo Tool, Magiskboot & unpack_bootimg	2026-10-05T19:12:00.3549742Z                                  Dload  Upload   Total   Spent    Left  Speed
build	Install Repo Tool, Magiskboot & unpack_bootimg	2026-10-05T19:12:00.3550730Z 
build	Install Repo Tool, Magiskboot & unpack_bootimg	2026-10-05T19:12:00.4384035Z   0     0    0     0    0     0      0      0 --:--:-- --:--:-- --:--:--     0
build	Install Repo Tool, Magiskboot & unpack_bootimg	2026-10-05T19:12:00.4385215Z 100 45880  100 45880    0     0   532k      0 --:--:-- --:--:-- --:--:--  539k
build	Install Repo Tool, Magiskboot & unpack_bootimg	2026-10-05T19:12:00.7577843Z Archive:  /tmp/magisk.apk
build	Install Repo Tool, Magiskboot & unpack_bootimg	2026-10-05T19:12:00.7578262Z version=27.0
build	Install Repo Tool, Magiskboot & unpack_bootimg	2026-10-05T19:12:00.7578517Z versionCode=27000
build	Install Repo Tool, Magiskboot & unpack_bootimg	2026-10-05T19:12:00.7578810Z stubVersion=38
build	Install Repo Tool, Magiskboot & unpack_bootimg	2026-10-05T19:12:00.7649825Z   inflating: /tmp/magisk_extracted/AndroidManifest.xml  
build	Install Repo Tool, Magiskboot & unpack_bootimg	2026-10-05T19:12:00.7665555Z   inflating: /tmp/magisk_extracted/META-INF/CERT.RSA  
build	Install Repo Tool, Magiskboot & unpack_bootimg	2026-10-05T19:12:00.7666173Z   inflating: /tmp/magisk_extracted/META-INF/CERT.SF  
build	Install Repo Tool, Magiskboot & unpack_bootimg	2026-10-05T19:12:00.7668111Z   inflating: /tmp/magisk_extracted/META-INF/MANIFEST.MF  
build	Install Repo Tool, Magiskboot & unpack_bootimg	2026-10-05T19:12:00.7668916Z   inflating: /tmp/magisk_extracted/META-INF/com/google/android/update-binary  
build	Install Repo Tool, Magiskboot & unpack_bootimg	2026-10-05T19:12:00.7670197Z   inflating: /tmp/magisk_extracted/META-INF/com/google/android/updater-script  
build	Install Repo Tool, Magiskboot & unpack_bootimg	2026-10-05T19:12:00.7671051Z   inflating: /tmp/magisk_extracted/META-INF/services/a.Z4  
build	Install Repo Tool, Magiskboot & unpack_bootimg	2026-10-05T19:12:00.7671763Z   inflating: /tmp/magisk_extracted/META-INF/services/a.z4  
build	Install Repo Tool, Magiskboot & unpack_bootimg	2026-10-05T19:12:00.7672600Z   inflating: /tmp/magisk_extracted/assets/addon.d.sh  
build	Install Repo Tool, Magiskboot & unpack_bootimg	2026-10-05T19:12:00.7673277Z   inflating: /tmp/magisk_extracted/assets/boot_patch.sh  
build	Install Repo Tool, Magiskboot & unpack_bootimg	2026-10-05T19:12:00.7683031Z   inflating: /tmp/magisk_extracted/assets/bootctl  
build	Install Repo Tool, Magiskboot & unpack_bootimg	2026-10-05T19:12:00.7735630Z   inflating: /tmp/magisk_extracted/assets/chromeos/futility  
build	Install Repo Tool, Magiskboot & unpack_bootimg	2026-10-05T19:12:00.7736504Z   inflating: /tmp/magisk_extracted/assets/chromeos/kernel.keyblock  
build	Install Repo Tool, Magiskboot & unpack_bootimg	2026-10-05T19:12:00.7737350Z   inflating: /tmp/magisk_extracted/assets/chromeos/kernel_data_key.vbprivk  
build	Install Repo Tool, Magiskboot & unpack_bootimg	2026-10-05T19:12:00.7738311Z  extracting: /tmp/magisk_extracted/assets/dexopt/baseline.prof  
build	Install Repo Tool, Magiskboot & unpack_bootimg	2026-10-05T19:12:00.7739196Z  extracting: /tmp/magisk_extracted/assets/dexopt/baseline.profm  
build	Install Repo Tool, Magiskboot & unpack_bootimg	2026-10-05T19:12:00.7745021Z   inflating: /tmp/magisk_extracted/assets/main.jar  
build	Install Repo Tool, Magiskboot & unpack_bootimg	2026-10-05T19:12:00.7745838Z   inflating: /tmp/magisk_extracted/assets/module_installer.sh  
build	Install Repo Tool, Magiskboot & unpack_bootimg	2026-10-05T19:12:00.7746511Z   inflating: /tmp/magisk_extracted/assets/stub.apk  
build	Install Repo Tool, Magiskboot & unpack_bootimg	2026-10-05T19:12:00.7747138Z   inflating: /tmp/magisk_extracted/assets/uninstaller.sh  
build	Install Repo Tool, Magiskboot & unpack_bootimg	2026-10-05T19:12:00.7764636Z   inflating: /tmp/magisk_extracted/assets/util_functions.sh  
build	Install Repo Tool, Magiskboot & unpack_bootimg	2026-10-05T19:12:00.7978411Z   inflating: /tmp/magisk_extracted/classes.dex  
build	Install Repo Tool, Magiskboot & unpack_bootimg	2026-10-05T19:12:00.8171031Z   inflating: /tmp/magisk_extracted/lib/arm64-v8a/libbusybox.so  
build	Install Repo Tool, Magiskboot & unpack_bootimg	2026-10-05T19:12:00.8198948Z   inflating: /tmp/magisk_extracted/lib/arm64-v8a/libmagisk64.so  
build	Install Repo Tool, Magiskboot & unpack_bootimg	2026-10-05T19:12:00.8304081Z   inflating: /tmp/magisk_extracted/lib/arm64-v8a/libmagiskboot.so  
build	Install Repo Tool, Magiskboot & unpack_bootimg	2026-10-05T19:12:00.8361530Z   inflating: /tmp/magisk_extracted/lib/arm64-v8a/libmagiskinit.so  
build	Install Repo Tool, Magiskboot & unpack_bootimg	2026-10-05T19:12:00.8391981Z   inflating: /tmp/magisk_extracted/lib/arm64-v8a/libmagiskpolicy.so  
build	Install Repo Tool, Magiskboot & unpack_bootimg	2026-10-05T19:12:00.8530281Z   inflating: /tmp/magisk_extracted/lib/armeabi-v7a/libbusybox.so  
build	Install Repo Tool, Magiskboot & unpack_bootimg	2026-10-05T19:12:00.8549313Z   inflating: /tmp/magisk_extracted/lib/armeabi-v7a/libmagisk32.so  
build	Install Repo Tool, Magiskboot & unpack_bootimg	2026-10-05T19:12:00.8608317Z   inflating: /tmp/magisk_extracted/lib/armeabi-v7a/libmagiskboot.so  
build	Install Repo Tool, Magiskboot & unpack_bootimg	2026-10-05T19:12:00.8628491Z   inflating: /tmp/magisk_extracted/lib/armeabi-v7a/libmagiskinit.so  
build	Install Repo Tool, Magiskboot & unpack_bootimg	2026-10-05T19:12:00.8650292Z   inflating: /tmp/magisk_extracted/lib/armeabi-v7a/libmagiskpolicy.so  
build	Install Repo Tool, Magiskboot & unpack_bootimg	2026-10-05T19:12:00.8848040Z   inflating: /tmp/magisk_extracted/lib/x86/libbusybox.so  
build	Install Repo Tool, Magiskboot & unpack_bootimg	2026-10-05T19:12:00.8876833Z   inflating: /tmp/magisk_extracted/lib/x86/libmagisk32.so  
build	Install Repo Tool, Magiskboot & unpack_bootimg	2026-10-05T19:12:00.8970422Z   inflating: /tmp/magisk_extracted/lib/x86/libmagiskboot.so  
build	Install Repo Tool, Magiskboot & unpack_bootimg	2026-10-05T19:12:00.9002901Z   inflating: /tmp/magisk_extracted/lib/x86/libmagiskinit.so  
build	Install Repo Tool, Magiskboot & unpack_bootimg	2026-10-05T19:12:00.9034967Z   inflating: /tmp/magisk_extracted/lib/x86/libmagiskpolicy.so  
build	Install Repo Tool, Magiskboot & unpack_bootimg	2026-10-05T19:12:00.9232462Z   inflating: /tmp/magisk_extracted/lib/x86_64/libbusybox.so  
build	Install Repo Tool, Magiskboot & unpack_bootimg	2026-10-05T19:12:00.9261195Z   inflating: /tmp/magisk_extracted/lib/x86_64/libmagisk64.so  
build	Install Repo Tool, Magiskboot & unpack_bootimg	2026-10-05T19:12:00.9376543Z   inflating: /tmp/magisk_extracted/lib/x86_64/libmagiskboot.so  
build	Install Repo Tool, Magiskboot & unpack_bootimg	2026-10-05T19:12:00.9436203Z   inflating: /tmp/magisk_extracted/lib/x86_64/libmagiskinit.so  
build	Install Repo Tool, Magiskboot & unpack_bootimg	2026-10-05T19:12:00.9468513Z   inflating: /tmp/magisk_extracted/lib/x86_64/libmagiskpolicy.so  
build	Install Repo Tool, Magiskboot & unpack_bootimg	2026-10-05T19:12:00.9473041Z   inflating: /tmp/magisk_extracted/org/commonmark/internal/util/entities.properties  
build	Install Repo Tool, Magiskboot & unpack_bootimg	2026-10-05T19:12:00.9474353Z   inflating: /tmp/magisk_extracted/res/-1.xml  
build	Install Repo Tool, Magiskboot & unpack_bootimg	2026-10-05T19:12:00.9484573Z   inflating: /tmp/magisk_extracted/res/-5.xml  
build	Install Repo Tool, Magiskboot & unpack_bootimg	2026-10-05T19:12:00.9485287Z   inflating: /tmp/magisk_extracted/res/-7.xml  
build	Install Repo Tool, Magiskboot & unpack_bootimg	2026-10-05T19:12:00.9485793Z   inflating: /tmp/magisk_extracted/res/-9.xml  
build	Install Repo Tool, Magiskboot & unpack_bootimg	2026-10-05T19:12:00.9486292Z  extracting: /tmp/magisk_extracted/res/-B.png  
build	Install Repo Tool, Magiskboot & unpack_bootimg	2026-10-05T19:12:00.9486791Z   inflating: /tmp/magisk_extracted/res/-B.xml  
build	Install Repo Tool, Magiskboot & unpack_bootimg	2026-10-05T19:12:00.9487324Z   inflating: /tmp/magisk_extracted/res/-L.xml  
build	Install Repo Tool, Magiskboot & unpack_bootimg	2026-10-05T19:12:00.9488207Z  extracting: /tmp/magisk_extracted/res/-N.png  
build	Install Repo Tool, Magiskboot & unpack_bootimg	2026-10-05T19:12:00.9488746Z   inflating: /tmp/magisk_extracted/res/-Q.xml  
build	Install Repo Tool, Magiskboot & unpack_bootimg	2026-10-05T19:12:00.9489258Z   inflating: /tmp/magisk_extracted/res/-R.xml  
build	Install Repo Tool, Magiskboot & unpack_bootimg	2026-10-05T19:12:00.9489799Z   inflating: /tmp/magisk_extracted/res/-h.xml  
build	Install Repo Tool, Magiskboot & unpack_bootimg	2026-10-05T19:12:00.9490350Z   inflating: /tmp/magisk_extracted/res/0C.xml  
build	Install Repo Tool, Magiskboot & unpack_bootimg	2026-10-05T19:12:00.9490852Z   inflating: /tmp/magisk_extracted/res/0F.xml  
build	Install Repo Tool, Magiskboot & unpack_bootimg	2026-10-05T19:12:00.9491355Z   inflating: /tmp/magisk_extracted/res/0M.xml  
build	Install Repo Tool, Magiskboot & unpack_bootimg	2026-10-05T19:12:00.9491895Z  extracting: /tmp/magisk_extracted/res/0Z.png  
build	Install Repo Tool, Magiskboot & unpack_bootimg	2026-10-05T19:12:00.9492423Z   inflating: /tmp/magisk_extracted/res/0b.xml  
build	Install Repo Tool, Magiskboot & unpack_bootimg	2026-10-05T19:12:00.9492983Z  extracting: /tmp/magisk_extracted/res/0c.9.png  
build	Install Repo Tool, Magiskboot & unpack_bootimg	2026-10-05T19:12:00.9493727Z  extracting: /tmp/magisk_extracted/res/0x.9.png  
build	Install Repo Tool, Magiskboot & unpack_bootimg	2026-10-05T19:12:00.9494262Z  extracting: /tmp/magisk_extracted/res/1I.9.png  
build	Install Repo Tool, Magiskboot & unpack_bootimg	2026-10-05T19:12:00.9494815Z  extracting: /tmp/magisk_extracted/res/1J.9.png  
build	Install Repo Tool, Magiskboot & unpack_bootimg	2026-10-05T19:12:00.9495292Z   inflating: /tmp/magisk_extracted/res/1R.xml  
build	Install Repo Tool, Magiskboot & unpack_bootimg	2026-10-05T19:12:00.9495730Z  extracting: /tmp/magisk_extracted/res/1e.9.png  
build	Install Repo Tool, Magiskboot & unpack_bootimg	2026-10-05T19:12:00.9496218Z   inflating: /tmp/magisk_extracted/res/1v.xml  
build	Install Repo Tool, Magiskboot & unpack_bootimg	2026-10-05T19:12:00.9496625Z   inflating: /tmp/magisk_extracted/res/1y.xml  
build	Install Repo Tool, Magiskboot & unpack_bootimg	2026-10-05T19:12:00.9497020Z   inflating: /tmp/magisk_extracted/res/20.xml  
build	Install Repo Tool, Magiskboot & unpack_bootimg	2026-10-05T19:12:00.9497440Z   inflating: /tmp/magisk_extracted/res/21.xml  
build	Install Repo Tool, Magiskboot & unpack_bootimg	2026-10-05T19:12:00.9497869Z   inflating: /tmp/magisk_extracted/res/27.xml  
build	Install Repo Tool, Magiskboot & unpack_bootimg	2026-10-05T19:12:00.9498645Z   inflating: /tmp/magisk_extracted/res/271.xml  
build	Install Repo Tool, Magiskboot & unpack_bootimg	2026-10-05T19:12:00.9498982Z   inflating: /tmp/magisk_extracted/res/2F.xml  
build	Install Repo Tool, Magiskboot & unpack_bootimg	2026-10-05T19:12:00.9499413Z  extracting: /tmp/magisk_extracted/res/2K.9.png  
build	Install Repo Tool, Magiskboot & unpack_bootimg	2026-10-05T19:12:00.9499820Z  extracting: /tmp/magisk_extracted/res/2P.png  
build	Install Repo Tool, Magiskboot & unpack_bootimg	2026-10-05T19:12:00.9500289Z   inflating: /tmp/magisk_extracted/res/2R.xml  
build	Install Repo Tool, Magiskboot & unpack_bootimg	2026-10-05T19:12:00.9500707Z   inflating: /tmp/magisk_extracted/res/2S.xml  
build	Install Repo Tool, Magiskboot & unpack_bootimg	2026-10-05T19:12:00.9501106Z   inflating: /tmp/magisk_extracted/res/2c.xml  
build	Install Repo Tool, Magiskboot & unpack_bootimg	2026-10-05T19:12:00.9501572Z  extracting: /tmp/magisk_extracted/res/2d.png  
build	Install Repo Tool, Magiskboot & unpack_bootimg	2026-10-05T19:12:00.9502039Z   inflating: /tmp/magisk_extracted/res/2f.xml  
build	Install Repo Tool, Magiskboot & unpack_bootimg	2026-10-05T19:12:00.9502460Z   inflating: /tmp/magisk_extracted/res/2i.xml  
build	Install Repo Tool, Magiskboot & unpack_bootimg	2026-10-05T19:12:00.9503299Z   inflating: /tmp/magisk_extracted/res/2j.xml  
build	Install Repo Tool, Magiskboot & unpack_bootimg	2026-10-05T19:12:00.9504397Z   inflating: /tmp/magisk_extracted/res/2m.xml  
build	Install Repo Tool, Magiskboot & unpack_bootimg	2026-10-05T19:12:00.9505320Z   inflating: /tmp/magisk_extracted/res/2n.xml  
build	Install Repo Tool, Magiskboot & unpack_bootimg	2026-10-05T19:12:00.9506249Z   inflating: /tmp/magisk_extracted/res/2w.xml  
build	Install Repo Tool, Magiskboot & unpack_bootimg	2026-10-05T19:12:00.9507309Z   inflating: /tmp/magisk_extracted/res/2w1.xml  
build	Install Repo Tool, Magiskboot & unpack_bootimg	2026-10-05T19:12:00.9508242Z   inflating: /tmp/magisk_extracted/res/2x.xml  
build	Install Repo Tool, Magiskboot & unpack_bootimg	2026-10-05T19:12:00.9509112Z  extracting: /tmp/magisk_extracted/res/33.9.png  
build	Install Repo Tool, Magiskboot & unpack_bootimg	2026-10-05T19:12:00.9510085Z   inflating: /tmp/magisk_extracted/res/3A.xml  
build	Install Repo Tool, Magiskboot & unpack_bootimg	2026-10-05T19:12:00.9511605Z   inflating: /tmp/magisk_extracted/res/3A1.xml  
build	Install Repo Tool, Magiskboot & unpack_bootimg	2026-10-05T19:12:00.9512647Z   inflating: /tmp/magisk_extracted/res/3E.xml  
build	Install Repo Tool, Magiskboot & unpack_bootimg	2026-10-05T19:12:00.9513483Z   inflating: /tmp/magisk_extracted/res/3R.xml  
build	Install Repo Tool, Magiskboot & unpack_bootimg	2026-10-05T19:12:00.9514723Z   inflating: /tmp/magisk_extracted/res/3h.xml  
build	Install Repo Tool, Magiskboot & unpack_bootimg	2026-10-05T19:12:00.9515637Z   inflating: /tmp/magisk_extracted/res/3s.xml  
build	Install Repo Tool, Magiskboot & unpack_bootimg	2026-10-05T19:12:00.9516488Z  extracting: /tmp/magisk_extracted/res/3u.9.png  
build	Install Repo Tool, Magiskboot & unpack_bootimg	2026-10-05T19:12:00.9517412Z   inflating: /tmp/magisk_extracted/res/3w.xml  
build	Install Repo Tool, Magiskboot & unpack_bootimg	2026-10-05T19:12:00.9518277Z  extracting: /tmp/magisk_extracted/res/42.9.png  
build	Install Repo Tool, Magiskboot & unpack_bootimg	2026-10-05T19:12:00.9519338Z   inflating: /tmp/magisk_extracted/res/44.xml  
build	Install Repo Tool, Magiskboot & unpack_bootimg	2026-10-05T19:12:00.9520248Z   inflating: /tmp/magisk_extracted/res/46.xml  
build	Install Repo Tool, Magiskboot & unpack_bootimg	2026-10-05T19:12:00.9521307Z   inflating: /tmp/magisk_extracted/res/461.xml  
build	Install Repo Tool, Magiskboot & unpack_bootimg	2026-10-05T19:12:00.9522108Z   inflating: /tmp/magisk_extracted/res/47.xml  
build	Install Repo Tool, Magiskboot & unpack_bootimg	2026-10-05T19:12:00.9523042Z  extracting: /tmp/magisk_extracted/res/49.png  
build	Install Repo Tool, Magiskboot & unpack_bootimg	2026-10-05T19:12:00.9524242Z   inflating: /tmp/magisk_extracted/res/4B.xml  
build	Install Repo Tool, Magiskboot & unpack_bootimg	2026-10-05T19:12:00.9525198Z   inflating: /tmp/magisk_extracted/res/4H.xml  
build	Install Repo Tool, Magiskboot & unpack_bootimg	2026-10-05T19:12:00.9526308Z   inflating: /tmp/magisk_extracted/res/4I.xml  
build	Install Repo Tool, Magiskboot & unpack_bootimg	2026-10-05T19:12:00.9527173Z   inflating: /tmp/magisk_extracted/res/4P.xml  
build	Install Repo Tool, Magiskboot & unpack_bootimg	2026-10-05T19:12:00.9528127Z   inflating: /tmp/magisk_extracted/res/4Q.xml  
build	Install Repo Tool, Magiskboot & unpack_bootimg	2026-10-05T19:12:00.9529093Z   inflating: /tmp/magisk_extracted/res/4S.xml  
build	Install Repo Tool, Magiskboot & unpack_bootimg	2026-10-05T19:12:00.9530026Z   inflating: /tmp/magisk_extracted/res/4_.xml  
build	Install Repo Tool, Magiskboot & unpack_bootimg	2026-10-05T19:12:00.9530867Z  extracting: /tmp/magisk_extracted/res/4k.png  
build	Install Repo Tool, Magiskboot & unpack_bootimg	2026-10-05T19:12:00.9531854Z   inflating: /tmp/magisk_extracted/res/4o.xml  
build	Install Repo Tool, Magiskboot & unpack_bootimg	2026-10-05T19:12:00.9533434Z   inflating: /tmp/magisk_extracted/res/4t.xml  
build	Install Repo Tool, Magiskboot & unpack_bootimg	2026-10-05T19:12:00.9534675Z   inflating: /tmp/magisk_extracted/res/4u.xml  
build	Install Repo Tool, Magiskboot & unpack_bootimg	2026-10-05T19:12:00.9535644Z   inflating: /tmp/magisk_extracted/res/4x.xml  
build	Install Repo Tool, Magiskboot & unpack_bootimg	2026-10-05T19:12:00.9536514Z   inflating: /tmp/magisk_extracted/res/4y.xml  
build	Install Repo Tool, Magiskboot & unpack_bootimg	2026-10-05T19:12:00.9537398Z   inflating: /tmp/magisk_extracted/res/4z.xml  
build	Install Repo Tool, Magiskboot & unpack_bootimg	2026-10-05T19:12:00.9538466Z   inflating: /tmp/magisk_extracted/res/50.xml  
build	Install Repo Tool, Magiskboot & unpack_bootimg	2026-10-05T19:12:00.9539539Z   inflating: /tmp/magisk_extracted/res/51.xml  
build	Install Repo Tool, Magiskboot & unpack_bootimg	2026-10-05T19:12:00.9540505Z   inflating: /tmp/magisk_extracted/res/59.xml  
build	Install Repo Tool, Magiskboot & unpack_bootimg	2026-10-05T19:12:00.9541447Z   inflating: /tmp/magisk_extracted/res/5B.xml  
build	Install Repo Tool, Magiskboot & unpack_bootimg	2026-10-05T19:12:00.9542331Z  extracting: /tmp/magisk_extracted/res/5D.9.png  
build	Install Repo Tool, Magiskboot & unpack_bootimg	2026-10-05T19:12:00.9543362Z   inflating: /tmp/magisk_extracted/res/5N.xml  
build	Install Repo Tool, Magiskboot & unpack_bootimg	2026-10-05T19:12:00.9544478Z  extracting: /tmp/magisk_extracted/res/5P.png  
build	Install Repo Tool, Magiskboot & unpack_bootimg	2026-10-05T19:12:00.9545472Z   inflating: /tmp/magisk_extracted/res/5T.xml  
build	Install Repo Tool, Magiskboot & unpack_bootimg	2026-10-05T19:12:00.9546446Z  extracting: /tmp/magisk_extracted/res/5U.png  
build	Install Repo Tool, Magiskboot & unpack_bootimg	2026-10-05T19:12:00.9547362Z   inflating: /tmp/magisk_extracted/res/5Y.xml  
build	Install Repo Tool, Magiskboot & unpack_bootimg	2026-10-05T19:12:00.9548150Z  extracting: /tmp/magisk_extracted/res/5c.png  
build	Install Repo Tool, Magiskboot & unpack_bootimg	2026-10-05T19:12:00.9549664Z   inflating: /tmp/magisk_extracted/res/5c.xml  
build	Install Repo Tool, Magiskboot & unpack_bootimg	2026-10-05T19:12:00.9550599Z   inflating: /tmp/magisk_extracted/res/5l.xml  
build	Install Repo Tool, Magiskboot & unpack_bootimg	2026-10-05T19:12:00.9551704Z   inflating: /tmp/magisk_extracted/res/5l1.xml  
build	Install Repo Tool, Magiskboot & unpack_bootimg	2026-10-05T19:12:00.9552561Z  extracting: /tmp/magisk_extracted/res/5v.png  
build	Install Repo Tool, Magiskboot & unpack_bootimg	2026-10-05T19:12:00.9553887Z   inflating: /tmp/magisk_extracted/res/5w.xml  
build	Install Repo Tool, Magiskboot & unpack_bootimg	2026-10-05T19:12:00.9554968Z   inflating: /tmp/magisk_extracted/res/5z.xml  
build	Install Repo Tool, Magiskboot & unpack_bootimg	2026-10-05T19:12:00.9555999Z   inflating: /tmp/magisk_extracted/res/61.xml  
build	Install Repo Tool, Magiskboot & unpack_bootimg	2026-10-05T19:12:00.9556856Z  extracting: /tmp/magisk_extracted/res/62.9.png  
build	Install Repo Tool, Magiskboot & unpack_bootimg	2026-10-05T19:12:00.9557724Z  extracting: /tmp/magisk_extracted/res/65.9.png  
build	Install Repo Tool, Magiskboot & unpack_bootimg	2026-10-05T19:12:00.9558887Z   inflating: /tmp/magisk_extracted/res/65.xml  
build	Install Repo Tool, Magiskboot & unpack_bootimg	2026-10-05T19:12:00.9559888Z   inflating: /tmp/magisk_extracted/res/66.xml  
build	Install Repo Tool, Magiskboot & unpack_bootimg	2026-10-05T19:12:00.9560841Z   inflating: /tmp/magisk_extracted/res/68.xml  
build	Install Repo Tool, Magiskboot & unpack_bootimg	2026-10-05T19:12:00.9561745Z  extracting: /tmp/magisk_extracted/res/6P.png  
build	Install Repo Tool, Magiskboot & unpack_bootimg	2026-10-05T19:12:00.9562718Z   inflating: /tmp/magisk_extracted/res/6Q.xml  
build	Install Repo Tool, Magiskboot & unpack_bootimg	2026-10-05T19:12:00.9563798Z  extracting: /tmp/magisk_extracted/res/6d.png  
build	Install Repo Tool, Magiskboot & unpack_bootimg	2026-10-05T19:12:00.9565198Z   inflating: /tmp/magisk_extracted/res/6q.xml  
build	Install Repo Tool, Magiskboot & unpack_bootimg	2026-10-05T19:12:00.9566110Z  extracting: /tmp/magisk_extracted/res/6t.png  
build	Install Repo Tool, Magiskboot & unpack_bootimg	2026-10-05T19:12:00.9567091Z   inflating: /tmp/magisk_extracted/res/6w.xml  
build	Install Repo Tool, Magiskboot & unpack_bootimg	2026-10-05T19:12:00.9568055Z   inflating: /tmp/magisk_extracted/res/6x.xml  
build	Install Repo Tool, Magiskboot & unpack_bootimg	2026-10-05T19:12:00.9569151Z   inflating: /tmp/magisk_extracted/res/6y.xml  
build	Install Repo Tool, Magiskboot & unpack_bootimg	2026-10-05T19:12:00.9570032Z  extracting: /tmp/magisk_extracted/res/71.png  
build	Install Repo Tool, Magiskboot & unpack_bootimg	2026-10-05T19:12:00.9571099Z   inflating: /tmp/magisk_extracted/res/78.xml  
build	Install Repo Tool, Magiskboot & unpack_bootimg	2026-10-05T19:12:00.9572049Z  extracting: /tmp/magisk_extracted/res/7C.9.png  
build	Install Repo Tool, Magiskboot & unpack_bootimg	2026-10-05T19:12:00.9573018Z   inflating: /tmp/magisk_extracted/res/7E.xml  
build	Install Repo Tool, Magiskboot & unpack_bootimg	2026-10-05T19:12:00.9574332Z   inflating: /tmp/magisk_extracted/res/7G.xml  
build	Install Repo Tool, Magiskboot & unpack_bootimg	2026-10-05T19:12:00.9575276Z   inflating: /tmp/magisk_extracted/res/7H.xml  
build	Install Repo Tool, Magiskboot & unpack_bootimg	2026-10-05T19:12:00.9576162Z  extracting: /tmp/magisk_extracted/res/7I.9.png  
build	Install Repo Tool, Magiskboot & unpack_bootimg	2026-10-05T19:12:00.9577097Z   inflating: /tmp/magisk_extracted/res/7N.xml  
build	Install Repo Tool, Magiskboot & unpack_bootimg	2026-10-05T19:12:00.9578079Z   inflating: /tmp/magisk_extracted/res/7R.xml  
build	Install Repo Tool, Magiskboot & unpack_bootimg	2026-10-05T19:12:00.9578972Z  extracting: /tmp/magisk_extracted/res/7V.png  
build	Install Repo Tool, Magiskboot & unpack_bootimg	2026-10-05T19:12:00.9579955Z  extracting: /tmp/magisk_extracted/res/7_.9.png  
build	Install Repo Tool, Magiskboot & unpack_bootimg	2026-10-05T19:12:00.9580791Z  extracting: /tmp/magisk_extracted/res/7i.png  
build	Install Repo Tool, Magiskboot & unpack_bootimg	2026-10-05T19:12:00.9581686Z  extracting: /tmp/magisk_extracted/res/7m.png  
build	Install Repo Tool, Magiskboot & unpack_bootimg	2026-10-05T19:12:00.9582518Z  extracting: /tmp/magisk_extracted/res/7o.9.png  
build	Install Repo Tool, Magiskboot & unpack_bootimg	2026-10-05T19:12:00.9583425Z   inflating: /tmp/magisk_extracted/res/7s.xml  
build	Install Repo Tool, Magiskboot & unpack_bootimg	2026-10-05T19:12:00.9584617Z   inflating: /tmp/magisk_extracted/res/7s1.xml  
build	Install Repo Tool, Magiskboot & unpack_bootimg	2026-10-05T19:12:00.9585724Z   inflating: /tmp/magisk_extracted/res/80.xml  
build	Install Repo Tool, Magiskboot & unpack_bootimg	2026-10-05T19:12:00.9586775Z   inflating: /tmp/magisk_extracted/res/8S.xml  
build	Install Repo Tool, Magiskboot & unpack_bootimg	2026-10-05T19:12:00.9587660Z  extracting: /tmp/magisk_extracted/res/8h.9.png  
build	Install Repo Tool, Magiskboot & unpack_bootimg	2026-10-05T19:12:00.9588562Z  extracting: /tmp/magisk_extracted/res/8h.png  
build	Install Repo Tool, Magiskboot & unpack_bootimg	2026-10-05T19:12:00.9589655Z   inflating: /tmp/magisk_extracted/res/8s.xml  
build	Install Repo Tool, Magiskboot & unpack_bootimg	2026-10-05T19:12:00.9590562Z   inflating: /tmp/magisk_extracted/res/8t.xml  
build	Install Repo Tool, Magiskboot & unpack_bootimg	2026-10-05T19:12:00.9591603Z   inflating: /tmp/magisk_extracted/res/8y.xml  
build	Install Repo Tool, Magiskboot & unpack_bootimg	2026-10-05T19:12:00.9592685Z   inflating: /tmp/magisk_extracted/res/92.xml  
build	Install Repo Tool, Magiskboot & unpack_bootimg	2026-10-05T19:12:00.9593922Z   inflating: /tmp/magisk_extracted/res/921.xml  
build	Install Repo Tool, Magiskboot & unpack_bootimg	2026-10-05T19:12:00.9594967Z  extracting: /tmp/magisk_extracted/res/9N.9.png  
build	Install Repo Tool, Magiskboot & unpack_bootimg	2026-10-05T19:12:00.9596009Z   inflating: /tmp/magisk_extracted/res/9O.xml  
build	Install Repo Tool, Magiskboot & unpack_bootimg	2026-10-05T19:12:00.9597038Z   inflating: /tmp/magisk_extracted/res/9P.xml  
build	Install Repo Tool, Magiskboot & unpack_bootimg	2026-10-05T19:12:00.9598036Z   inflating: /tmp/magisk_extracted/res/9S.xml  
build	Install Repo Tool, Magiskboot & unpack_bootimg	2026-10-05T19:12:00.9599057Z   inflating: /tmp/magisk_extracted/res/9T.xml  
build	Install Repo Tool, Magiskboot & unpack_bootimg	2026-10-05T19:12:00.9600056Z   inflating: /tmp/magisk_extracted/res/9T1.xml  
build	Install Repo Tool, Magiskboot & unpack_bootimg	2026-10-05T19:12:00.9601099Z   inflating: /tmp/magisk_extracted/res/9T2.xml  
build	Install Repo Tool, Magiskboot & unpack_bootimg	2026-10-05T19:12:00.9602104Z   inflating: /tmp/magisk_extracted/res/9U.xml  
build	Install Repo Tool, Magiskboot & unpack_bootimg	2026-10-05T19:12:00.9603205Z   inflating: /tmp/magisk_extracted/res/9V.xml  
build	Install Repo Tool, Magiskboot & unpack_bootimg	2026-10-05T19:12:00.9604467Z  extracting: /tmp/magisk_extracted/res/9X.9.png  
build	Install Repo Tool, Magiskboot & unpack_bootimg	2026-10-05T19:12:00.9605498Z   inflating: /tmp/magisk_extracted/res/9d.xml  
build	Install Repo Tool, Magiskboot & unpack_bootimg	2026-10-05T19:12:00.9606507Z   inflating: /tmp/magisk_extracted/res/9m.xml  
build	Install Repo Tool, Magiskboot & unpack_bootimg	2026-10-05T19:12:00.9607424Z  extracting: /tmp/magisk_extracted/res/9n.9.png  
build	Install Repo Tool, Magiskboot & unpack_bootimg	2026-10-05T19:12:00.9608605Z   inflating: /tmp/magisk_extracted/res/9o.xml  
build	Install Repo Tool, Magiskboot & unpack_bootimg	2026-10-05T19:12:00.9609649Z   inflating: /tmp/magisk_extracted/res/9p.xml  
build	Install Repo Tool, Magiskboot & unpack_bootimg	2026-10-05T19:12:00.9610573Z  extracting: /tmp/magisk_extracted/res/9z.png  
build	Install Repo Tool, Magiskboot & unpack_bootimg	2026-10-05T19:12:00.9611602Z   inflating: /tmp/magisk_extracted/res/9z.xml  
build	Install Repo Tool, Magiskboot & unpack_bootimg	2026-10-05T19:12:00.9612734Z   inflating: /tmp/magisk_extracted/res/A0.xml  
build	Install Repo Tool, Magiskboot & unpack_bootimg	2026-10-05T19:12:00.9613967Z   inflating: /tmp/magisk_extracted/res/A1.xml  
build	Install Repo Tool, Magiskboot & unpack_bootimg	2026-10-05T19:12:00.9615095Z   inflating: /tmp/magisk_extracted/res/A4.xml  
build	Install Repo Tool, Magiskboot & unpack_bootimg	2026-10-05T19:12:00.9616266Z   inflating: /tmp/magisk_extracted/res/A5.xml  
build	Install Repo Tool, Magiskboot & unpack_bootimg	2026-10-05T19:12:00.9617393Z   inflating: /tmp/magisk_extracted/res/AB.xml  
build	Install Repo Tool, Magiskboot & unpack_bootimg	2026-10-05T19:12:00.9618383Z   inflating: /tmp/magisk_extracted/res/AU.xml  
build	Install Repo Tool, Magiskboot & unpack_bootimg	2026-10-05T19:12:00.9619453Z   inflating: /tmp/magisk_extracted/res/Aa.xml  
build	Install Repo Tool, Magiskboot & unpack_bootimg	2026-10-05T19:12:00.9620365Z   inflating: /tmp/magisk_extracted/res/Ac.xml  
build	Install Repo Tool, Magiskboot & unpack_bootimg	2026-10-05T19:12:00.9621392Z  extracting: /tmp/magisk_extracted/res/Ag.png  
build	Install Repo Tool, Magiskboot & unpack_bootimg	2026-10-05T19:12:00.9622667Z   inflating: /tmp/magisk_extracted/res/Ag.xml  
build	Install Repo Tool, Magiskboot & unpack_bootimg	2026-10-05T19:12:00.9624219Z   inflating: /tmp/magisk_extracted/res/B6.xml  
build	Install Repo Tool, Magiskboot & unpack_bootimg	2026-10-05T19:12:00.9625382Z   inflating: /tmp/magisk_extracted/res/B61.xml  
build	Install Repo Tool, Magiskboot & unpack_bootimg	2026-10-05T19:12:00.9626242Z  extracting: /tmp/magisk_extracted/res/BG.9.png  
build	Install Repo Tool, Magiskboot & unpack_bootimg	2026-10-05T19:12:00.9627322Z   inflating: /tmp/magisk_extracted/res/BJ.xml  
build	Install Repo Tool, Magiskboot & unpack_bootimg	2026-10-05T19:12:00.9628363Z   inflating: /tmp/magisk_extracted/res/BJ1.xml  
build	Install Repo Tool, Magiskboot & unpack_bootimg	2026-10-05T19:12:00.9629206Z  extracting: /tmp/magisk_extracted/res/BL.9.png  
build	Install Repo Tool, Magiskboot & unpack_bootimg	2026-10-05T19:12:00.9630210Z  extracting: /tmp/magisk_extracted/res/BM.png  
build	Install Repo Tool, Magiskboot & unpack_bootimg	2026-10-05T19:12:00.9631226Z   inflating: /tmp/magisk_extracted/res/BS.xml  
build	Install Repo Tool, Magiskboot & unpack_bootimg	2026-10-05T19:12:00.9632081Z  extracting: /tmp/magisk_extracted/res/BT.png  
build	Install Repo Tool, Magiskboot & unpack_bootimg	2026-10-05T19:12:00.9633167Z   inflating: /tmp/magisk_extracted/res/BT.xml  
build	Install Repo Tool, Magiskboot & unpack_bootimg	2026-10-05T19:12:00.9634406Z   inflating: /tmp/magisk_extracted/res/Bb.xml  
build	Install Repo Tool, Magiskboot & unpack_bootimg	2026-10-05T19:12:00.9635283Z   inflating: /tmp/magisk_extracted/res/Bd.xml  
build	Install Repo Tool, Magiskboot & unpack_bootimg	2026-10-05T19:12:00.9636419Z   inflating: /tmp/magisk_extracted/res/Be.xml  
build	Install Repo Tool, Magiskboot & unpack_bootimg	2026-10-05T19:12:00.9637445Z   inflating: /tmp/magisk_extracted/res/By.xml  
build	Install Repo Tool, Magiskboot & unpack_bootimg	2026-10-05T19:12:00.9638544Z   inflating: /tmp/magisk_extracted/res/By1.xml  
build	Install Repo Tool, Magiskboot & unpack_bootimg	2026-10-05T19:12:00.9639580Z   inflating: /tmp/magisk_extracted/res/Bz.xml  
build	Install Repo Tool, Magiskboot & unpack_bootimg	2026-10-05T19:12:00.9640684Z   inflating: /tmp/magisk_extracted/res/CG.xml  
build	Install Repo Tool, Magiskboot & unpack_bootimg	2026-10-05T19:12:00.9641548Z  extracting: /tmp/magisk_extracted/res/CK.9.png  
build	Install Repo Tool, Magiskboot & unpack_bootimg	2026-10-05T19:12:00.9642705Z   inflating: /tmp/magisk_extracted/res/CX.xml  
build	Install Repo Tool, Magiskboot & unpack_bootimg	2026-10-05T19:12:00.9644013Z   inflating: /tmp/magisk_extracted/res/CZ.xml  
build	Install Repo Tool, Magiskboot & unpack_bootimg	2026-10-05T19:12:00.9644830Z  extracting: /tmp/magisk_extracted/res/C_.9.png  
build	Install Repo Tool, Magiskboot & unpack_bootimg	2026-10-05T19:12:00.9645947Z   inflating: /tmp/magisk_extracted/res/Cg.xml  
build	Install Repo Tool, Magiskboot & unpack_bootimg	2026-10-05T19:12:00.9646895Z  extracting: /tmp/magisk_extracted/res/Ck.png  
build	Install Repo Tool, Magiskboot & unpack_bootimg	2026-10-05T19:12:00.9647766Z   inflating: /tmp/magisk_extracted/res/D-.xml  
build	Install Repo Tool, Magiskboot & unpack_bootimg	2026-10-05T19:12:00.9648863Z   inflating: /tmp/magisk_extracted/res/D4.xml  
build	Install Repo Tool, Magiskboot & unpack_bootimg	2026-10-05T19:12:00.9649937Z   inflating: /tmp/magisk_extracted/res/D5.xml  
build	Install Repo Tool, Magiskboot & unpack_bootimg	2026-10-05T19:12:00.9650993Z   inflating: /tmp/magisk_extracted/res/D6.xml  
build	Install Repo Tool, Magiskboot & unpack_bootimg	2026-10-05T19:12:00.9652154Z   inflating: /tmp/magisk_extracted/res/D8.xml  
build	Install Repo Tool, Magiskboot & unpack_bootimg	2026-10-05T19:12:00.9653216Z   inflating: /tmp/magisk_extracted/res/DG.xml  
build	Install Repo Tool, Magiskboot & unpack_bootimg	2026-10-05T19:12:00.9654300Z  extracting: /tmp/magisk_extracted/res/DL.9.png  
build	Install Repo Tool, Magiskboot & unpack_bootimg	2026-10-05T19:12:00.9655447Z   inflating: /tmp/magisk_extracted/res/DS.xml  
build	Install Repo Tool, Magiskboot & unpack_bootimg	2026-10-05T19:12:00.9656579Z   inflating: /tmp/magisk_extracted/res/DU.xml  
build	Install Repo Tool, Magiskboot & unpack_bootimg	2026-10-05T19:12:00.9657515Z   inflating: /tmp/magisk_extracted/res/DV.xml  
build	Install Repo Tool, Magiskboot & unpack_bootimg	2026-10-05T19:12:00.9658533Z   inflating: /tmp/magisk_extracted/res/DZ.xml  
build	Install Repo Tool, Magiskboot & unpack_bootimg	2026-10-05T19:12:00.9659389Z  extracting: /tmp/magisk_extracted/res/D_.9.png  
build	Install Repo Tool, Magiskboot & unpack_bootimg	2026-10-05T19:12:00.9660521Z   inflating: /tmp/magisk_extracted/res/E-.xml  
build	Install Repo Tool, Magiskboot & unpack_bootimg	2026-10-05T19:12:00.9661472Z  extracting: /tmp/magisk_extracted/res/EA.9.png  
build	Install Repo Tool, Magiskboot & unpack_bootimg	2026-10-05T19:12:00.9662439Z  extracting: /tmp/magisk_extracted/res/EP.png  
build	Install Repo Tool, Magiskboot & unpack_bootimg	2026-10-05T19:12:00.9663480Z   inflating: /tmp/magisk_extracted/res/ES.xml  
build	Install Repo Tool, Magiskboot & unpack_bootimg	2026-10-05T19:12:00.9664660Z   inflating: /tmp/magisk_extracted/res/EZ.xml  
build	Install Repo Tool, Magiskboot & unpack_bootimg	2026-10-05T19:12:00.9665682Z  extracting: /tmp/magisk_extracted/res/Ec.png  
build	Install Repo Tool, Magiskboot & unpack_bootimg	2026-10-05T19:12:00.9666813Z   inflating: /tmp/magisk_extracted/res/Eg.xml  
build	Install Repo Tool, Magiskboot & unpack_bootimg	2026-10-05T19:12:00.9667731Z   inflating: /tmp/magisk_extracted/res/F8.xml  
build	Install Repo Tool, Magiskboot & unpack_bootimg	2026-10-05T19:12:00.9668858Z   inflating: /tmp/magisk_extracted/res/F81.xml  
build	Install Repo Tool, Magiskboot & unpack_bootimg	2026-10-05T19:12:00.9669953Z   inflating: /tmp/magisk_extracted/res/FJ.xml  
build	Install Repo Tool, Magiskboot & unpack_bootimg	2026-10-05T19:12:00.9671033Z   inflating: /tmp/magisk_extracted/res/FS.xml  
build	Install Repo Tool, Magiskboot & unpack_bootimg	2026-10-05T19:12:00.9672063Z   inflating: /tmp/magisk_extracted/res/FT.xml  
build	Install Repo Tool, Magiskboot & unpack_bootimg	2026-10-05T19:12:00.9672937Z  extracting: /tmp/magisk_extracted/res/FW.png  
build	Install Repo Tool, Magiskboot & unpack_bootimg	2026-10-05T19:12:00.9673928Z  extracting: /tmp/magisk_extracted/res/Ff.png  
build	Install Repo Tool, Magiskboot & unpack_bootimg	2026-10-05T19:12:00.9675319Z   inflating: /tmp/magisk_extracted/res/Fn.xml  
build	Install Repo Tool, Magiskboot & unpack_bootimg	2026-10-05T19:12:00.9676321Z   inflating: /tmp/magisk_extracted/res/Fq.xml  
build	Install Repo Tool, Magiskboot & unpack_bootimg	2026-10-05T19:12:00.9677461Z   inflating: /tmp/magisk_extracted/res/Fu.xml  
build	Install Repo Tool, Magiskboot & unpack_bootimg	2026-10-05T19:12:00.9678563Z   inflating: /tmp/magisk_extracted/res/G1.xml  
build	Install Repo Tool, Magiskboot & unpack_bootimg	2026-10-05T19:12:00.9679478Z  extracting: /tmp/magisk_extracted/res/G2.9.png  
build	Install Repo Tool, Magiskboot & unpack_bootimg	2026-10-05T19:12:00.9680711Z   inflating: /tmp/magisk_extracted/res/G2.xml  
build	Install Repo Tool, Magiskboot & unpack_bootimg	2026-10-05T19:12:00.9681618Z   inflating: /tmp/magisk_extracted/res/G21.xml  
build	Install Repo Tool, Magiskboot & unpack_bootimg	2026-10-05T19:12:00.9682708Z   inflating: /tmp/magisk_extracted/res/G22.xml  
build	Install Repo Tool, Magiskboot & unpack_bootimg	2026-10-05T19:12:00.9683939Z   inflating: /tmp/magisk_extracted/res/GC.xml  
build	Install Repo Tool, Magiskboot & unpack_bootimg	2026-10-05T19:12:00.9685159Z   inflating: /tmp/magisk_extracted/res/GD.xml  
build	Install Repo Tool, Magiskboot & unpack_bootimg	2026-10-05T19:12:00.9686231Z   inflating: /tmp/magisk_extracted/res/GF.xml  
build	Install Repo Tool, Magiskboot & unpack_bootimg	2026-10-05T19:12:00.9687348Z   inflating: /tmp/magisk_extracted/res/GK.xml  
build	Install Repo Tool, Magiskboot & unpack_bootimg	2026-10-05T19:12:00.9688518Z   inflating: /tmp/magisk_extracted/res/GL.xml  
build	Install Repo Tool, Magiskboot & unpack_bootimg	2026-10-05T19:12:00.9689781Z   inflating: /tmp/magisk_extracted/res/GQ.xml  
build	Install Repo Tool, Magiskboot & unpack_bootimg	2026-10-05T19:12:00.9690941Z   inflating: /tmp/magisk_extracted/res/GR.xml  
build	Install Repo Tool, Magiskboot & unpack_bootimg	2026-10-05T19:12:00.9692011Z   inflating: /tmp/magisk_extracted/res/GT.xml  
build	Install Repo Tool, Magiskboot & unpack_bootimg	2026-10-05T19:12:00.9692925Z  extracting: /tmp/magisk_extracted/res/GY.png  
build	Install Repo Tool, Magiskboot & unpack_bootimg	2026-10-05T19:12:00.9694363Z  extracting: /tmp/magisk_extracted/res/Gf.png  
build	Install Repo Tool, Magiskboot & unpack_bootimg	2026-10-05T19:12:00.9695200Z  extracting: /tmp/magisk_extracted/res/Gt.9.png  
build	Install Repo Tool, Magiskboot & unpack_bootimg	2026-10-05T19:12:00.9696291Z   inflating: /tmp/magisk_extracted/res/Gt.xml  
build	Install Repo Tool, Magiskboot & unpack_bootimg	2026-10-05T19:12:00.9697200Z  extracting: /tmp/magisk_extracted/res/H-.png  
build	Install Repo Tool, Magiskboot & unpack_bootimg	2026-10-05T19:12:00.9698296Z   inflating: /tmp/magisk_extracted/res/HC.xml  
build	Install Repo Tool, Magiskboot & unpack_bootimg	2026-10-05T19:12:00.9699725Z   inflating: /tmp/magisk_extracted/res/HJ.xml  
build	Install Repo Tool, Magiskboot & unpack_bootimg	2026-10-05T19:12:00.9700694Z   inflating: /tmp/magisk_extracted/res/HQ.xml  
build	Install Repo Tool, Magiskboot & unpack_bootimg	2026-10-05T19:12:00.9701806Z   inflating: /tmp/magisk_extracted/res/Ha.xml  
build	Install Repo Tool, Magiskboot & unpack_bootimg	2026-10-05T19:12:00.9702820Z   inflating: /tmp/magisk_extracted/res/Ha1.xml  
build	Install Repo Tool, Magiskboot & unpack_bootimg	2026-10-05T19:12:00.9704152Z   inflating: /tmp/magisk_extracted/res/Hd.xml  
build	Install Repo Tool, Magiskboot & unpack_bootimg	2026-10-05T19:12:00.9705180Z   inflating: /tmp/magisk_extracted/res/Hm.xml  
build	Install Repo Tool, Magiskboot & unpack_bootimg	2026-10-05T19:12:00.9706283Z   inflating: /tmp/magisk_extracted/res/Hn.xml  
build	Install Repo Tool, Magiskboot & unpack_bootimg	2026-10-05T19:12:00.9707549Z   inflating: /tmp/magisk_extracted/res/Hn1.xml  
build	Install Repo Tool, Magiskboot & unpack_bootimg	2026-10-05T19:12:00.9708874Z   inflating: /tmp/magisk_extracted/res/Hx.xml  
build	Install Repo Tool, Magiskboot & unpack_bootimg	2026-10-05T19:12:00.9709939Z   inflating: /tmp/magisk_extracted/res/I3.xml  
build	Install Repo Tool, Magiskboot & unpack_bootimg	2026-10-05T19:12:00.9711161Z   inflating: /tmp/magisk_extracted/res/II.xml  
build	Install Repo Tool, Magiskboot & unpack_bootimg	2026-10-05T19:12:00.9712334Z   inflating: /tmp/magisk_extracted/res/IR.xml  
build	Install Repo Tool, Magiskboot & unpack_bootimg	2026-10-05T19:12:00.9713832Z   inflating: /tmp/magisk_extracted/res/IW.xml  
build	Install Repo Tool, Magiskboot & unpack_bootimg	2026-10-05T19:12:00.9714883Z  extracting: /tmp/magisk_extracted/res/IX.9.png  
build	Install Repo Tool, Magiskboot & unpack_bootimg	2026-10-05T19:12:00.9716035Z   inflating: /tmp/magisk_extracted/res/Ib.xml  
build	Install Repo Tool, Magiskboot & unpack_bootimg	2026-10-05T19:12:00.9717159Z   inflating: /tmp/magisk_extracted/res/Id.xml  
build	Install Repo Tool, Magiskboot & unpack_bootimg	2026-10-05T19:12:00.9718247Z   inflating: /tmp/magisk_extracted/res/In.xml  
build	Install Repo Tool, Magiskboot & unpack_bootimg	2026-10-05T19:12:00.9719167Z   inflating: /tmp/magisk_extracted/res/Is.xml  
build	Install Repo Tool, Magiskboot & unpack_bootimg	2026-10-05T19:12:00.9720360Z   inflating: /tmp/magisk_extracted/res/It.xml  
build	Install Repo Tool, Magiskboot & unpack_bootimg	2026-10-05T19:12:00.9721430Z   inflating: /tmp/magisk_extracted/res/Ix.xml  
build	Install Repo Tool, Magiskboot & unpack_bootimg	2026-10-05T19:12:00.9722533Z   inflating: /tmp/magisk_extracted/res/J3.xml  
build	Install Repo Tool, Magiskboot & unpack_bootimg	2026-10-05T19:12:00.9723856Z   inflating: /tmp/magisk_extracted/res/J31.xml  
build	Install Repo Tool, Magiskboot & unpack_bootimg	2026-10-05T19:12:00.9724915Z   inflating: /tmp/magisk_extracted/res/J7.xml  
build	Install Repo Tool, Magiskboot & unpack_bootimg	2026-10-05T19:12:00.9726235Z   inflating: /tmp/magisk_extracted/res/JC.xml  
build	Install Repo Tool, Magiskboot & unpack_bootimg	2026-10-05T19:12:00.9727457Z   inflating: /tmp/magisk_extracted/res/JD.xml  
build	Install Repo Tool, Magiskboot & unpack_bootimg	2026-10-05T19:12:00.9728499Z   inflating: /tmp/magisk_extracted/res/JD1.xml  
build	Install Repo Tool, Magiskboot & unpack_bootimg	2026-10-05T19:12:00.9729595Z   inflating: /tmp/magisk_extracted/res/JF.xml  
build	Install Repo Tool, Magiskboot & unpack_bootimg	2026-10-05T19:12:00.9732040Z  extracting: /tmp/magisk_extracted/res/JJ.9.png  
build	Install Repo Tool, Magiskboot & unpack_bootimg	2026-10-05T19:12:00.9732682Z   inflating: /tmp/magisk_extracted/res/JJ.xml  
build	Install Repo Tool, Magiskboot & unpack_bootimg	2026-10-05T19:12:00.9733840Z   inflating: /tmp/magisk_extracted/res/JQ.xml  
build	Install Repo Tool, Magiskboot & unpack_bootimg	2026-10-05T19:12:00.9734879Z   inflating: /tmp/magisk_extracted/res/JT.xml  
build	Install Repo Tool, Magiskboot & unpack_bootimg	2026-10-05T19:12:00.9735944Z   inflating: /tmp/magisk_extracted/res/JT1.xml  
build	Install Repo Tool, Magiskboot & unpack_bootimg	2026-10-05T19:12:00.9736968Z   inflating: /tmp/magisk_extracted/res/Jl.xml  
build	Install Repo Tool, Magiskboot & unpack_bootimg	2026-10-05T19:12:00.9737907Z   inflating: /tmp/magisk_extracted/res/Js.xml  
build	Install Repo Tool, Magiskboot & unpack_bootimg	2026-10-05T19:12:00.9739104Z   inflating: /tmp/magisk_extracted/res/Jw.xml  
build	Install Repo Tool, Magiskboot & unpack_bootimg	2026-10-05T19:12:00.9740153Z   inflating: /tmp/magisk_extracted/res/K2.xml  
build	Install Repo Tool, Magiskboot & unpack_bootimg	2026-10-05T19:12:00.9741259Z   inflating: /tmp/magisk_extracted/res/K5.xml  
build	Install Repo Tool, Magiskboot & unpack_bootimg	2026-10-05T19:12:00.9742407Z   inflating: /tmp/magisk_extracted/res/K51.xml  
build	Install Repo Tool, Magiskboot & unpack_bootimg	2026-10-05T19:12:00.9743517Z   inflating: /tmp/magisk_extracted/res/KE.xml  
build	Install Repo Tool, Magiskboot & unpack_bootimg	2026-10-05T19:12:00.9744873Z   inflating: /tmp/magisk_extracted/res/KG.xml  
build	Install Repo Tool, Magiskboot & unpack_bootimg	2026-10-05T19:12:00.9745792Z  extracting: /tmp/magisk_extracted/res/KH.9.png  
build	Install Repo Tool, Magiskboot & unpack_bootimg	2026-10-05T19:12:00.9746715Z  extracting: /tmp/magisk_extracted/res/KM.png  
build	Install Repo Tool, Magiskboot & unpack_bootimg	2026-10-05T19:12:00.9747764Z   inflating: /tmp/magisk_extracted/res/KT.xml  
build	Install Repo Tool, Magiskboot & unpack_bootimg	2026-10-05T19:12:00.9748568Z  extracting: /tmp/magisk_extracted/res/K_.9.png  
build	Install Repo Tool, Magiskboot & unpack_bootimg	2026-10-05T19:12:00.9749735Z   inflating: /tmp/magisk_extracted/res/Ke.xml  
build	Install Repo Tool, Magiskboot & unpack_bootimg	2026-10-05T19:12:00.9751062Z   inflating: /tmp/magisk_extracted/res/L-.xml  
build	Install Repo Tool, Magiskboot & unpack_bootimg	2026-10-05T19:12:00.9752030Z   inflating: /tmp/magisk_extracted/res/LJ.xml  
build	Install Repo Tool, Magiskboot & unpack_bootimg	2026-10-05T19:12:00.9752985Z  extracting: /tmp/magisk_extracted/res/LO.png  
build	Install Repo Tool, Magiskboot & unpack_bootimg	2026-10-05T19:12:00.9754320Z   inflating: /tmp/magisk_extracted/res/LT.xml  
build	Install Repo Tool, Magiskboot & unpack_bootimg	2026-10-05T19:12:00.9755240Z   inflating: /tmp/magisk_extracted/res/L_.xml  
build	Install Repo Tool, Magiskboot & unpack_bootimg	2026-10-05T19:12:00.9756364Z   inflating: /tmp/magisk_extracted/res/Lf.xml  
build	Install Repo Tool, Magiskboot & unpack_bootimg	2026-10-05T19:12:00.9757282Z  extracting: /tmp/magisk_extracted/res/Li.9.png  
build	Install Repo Tool, Magiskboot & unpack_bootimg	2026-10-05T19:12:00.9758215Z   inflating: /tmp/magisk_extracted/res/Lo.xml  
build	Install Repo Tool, Magiskboot & unpack_bootimg	2026-10-05T19:12:00.9759160Z   inflating: /tmp/magisk_extracted/res/Ls.xml  
build	Install Repo Tool, Magiskboot & unpack_bootimg	2026-10-05T19:12:00.9760190Z   inflating: /tmp/magisk_extracted/res/Lt.xml  
build	Install Repo Tool, Magiskboot & unpack_bootimg	2026-10-05T19:12:00.9761339Z   inflating: /tmp/magisk_extracted/res/Lt1.xml  
build	Install Repo Tool, Magiskboot & unpack_bootimg	2026-10-05T19:12:00.9762202Z   inflating: /tmp/magisk_extracted/res/Lv.xml  
build	Install Repo Tool, Magiskboot & unpack_bootimg	2026-10-05T19:12:00.9763259Z   inflating: /tmp/magisk_extracted/res/M2.xml  
build	Install Repo Tool, Magiskboot & unpack_bootimg	2026-10-05T19:12:00.9764479Z   inflating: /tmp/magisk_extracted/res/M5.xml  
build	Install Repo Tool, Magiskboot & unpack_bootimg	2026-10-05T19:12:00.9765827Z   inflating: /tmp/magisk_extracted/res/M7.xml  
build	Install Repo Tool, Magiskboot & unpack_bootimg	2026-10-05T19:12:00.9766883Z   inflating: /tmp/magisk_extracted/res/M71.xml  
build	Install Repo Tool, Magiskboot & unpack_bootimg	2026-10-05T19:12:00.9767695Z  extracting: /tmp/magisk_extracted/res/MD.png  
build	Install Repo Tool, Magiskboot & unpack_bootimg	2026-10-05T19:12:00.9768672Z  extracting: /tmp/magisk_extracted/res/MF.9.png  
build	Install Repo Tool, Magiskboot & unpack_bootimg	2026-10-05T19:12:00.9769673Z   inflating: /tmp/magisk_extracted/res/MO.xml  
build	Install Repo Tool, Magiskboot & unpack_bootimg	2026-10-05T19:12:00.9770768Z  extracting: /tmp/magisk_extracted/res/MQ.png  
build	Install Repo Tool, Magiskboot & unpack_bootimg	2026-10-05T19:12:00.9772256Z   inflating: /tmp/magisk_extracted/res/MQ.xml  
build	Install Repo Tool, Magiskboot & unpack_bootimg	2026-10-05T19:12:00.9773346Z   inflating: /tmp/magisk_extracted/res/MU.xml  
build	Install Repo Tool, Magiskboot & unpack_bootimg	2026-10-05T19:12:00.9774705Z   inflating: /tmp/magisk_extracted/res/MW.xml  
build	Install Repo Tool, Magiskboot & unpack_bootimg	2026-10-05T19:12:00.9775791Z   inflating: /tmp/magisk_extracted/res/MZ.xml  
build	Install Repo Tool, Magiskboot & unpack_bootimg	2026-10-05T19:12:00.9776873Z   inflating: /tmp/magisk_extracted/res/M_.xml  
build	Install Repo Tool, Magiskboot & unpack_bootimg	2026-10-05T19:12:00.9777749Z  extracting: /tmp/magisk_extracted/res/Ma.9.png  
build	Install Repo Tool, Magiskboot & unpack_bootimg	2026-10-05T19:12:00.9779077Z   inflating: /tmp/magisk_extracted/res/Ma.xml  
build	Install Repo Tool, Magiskboot & unpack_bootimg	2026-10-05T19:12:00.9780127Z   inflating: /tmp/magisk_extracted/res/Mp.xml  
build	Install Repo Tool, Magiskboot & unpack_bootimg	2026-10-05T19:12:00.9780997Z   inflating: /tmp/magisk_extracted/res/Mt.xml  
build	Install Repo Tool, Magiskboot & unpack_bootimg	2026-10-05T19:12:00.9781971Z   inflating: /tmp/magisk_extracted/res/N0.xml  
build	Install Repo Tool, Magiskboot & unpack_bootimg	2026-10-05T19:12:00.9782969Z  extracting: /tmp/magisk_extracted/res/NA.9.png  
build	Install Repo Tool, Magiskboot & unpack_bootimg	2026-10-05T19:12:00.9784168Z   inflating: /tmp/magisk_extracted/res/NB.xml  
build	Install Repo Tool, Magiskboot & unpack_bootimg	2026-10-05T19:12:00.9785162Z   inflating: /tmp/magisk_extracted/res/NF.xml  
build	Install Repo Tool, Magiskboot & unpack_bootimg	2026-10-05T19:12:00.9786144Z  extracting: /tmp/magisk_extracted/res/NG.png  
build	Install Repo Tool, Magiskboot & unpack_bootimg	2026-10-05T19:12:00.9787142Z   inflating: /tmp/magisk_extracted/res/NM.xml  
build	Install Repo Tool, Magiskboot & unpack_bootimg	2026-10-05T19:12:00.9788228Z   inflating: /tmp/magisk_extracted/res/NN.xml  
build	Install Repo Tool, Magiskboot & unpack_bootimg	2026-10-05T19:12:00.9789124Z   inflating: /tmp/magisk_extracted/res/NN1.xml  
build	Install Repo Tool, Magiskboot & unpack_bootimg	2026-10-05T19:12:00.9790296Z   inflating: /tmp/magisk_extracted/res/NS.xml  
build	Install Repo Tool, Magiskboot & unpack_bootimg	2026-10-05T19:12:00.9791157Z  extracting: /tmp/magisk_extracted/res/NZ.9.png  
build	Install Repo Tool, Magiskboot & unpack_bootimg	2026-10-05T19:12:00.9792208Z   inflating: /tmp/magisk_extracted/res/Nd.xml  
build	Install Repo Tool, Magiskboot & unpack_bootimg	2026-10-05T19:12:00.9793343Z   inflating: /tmp/magisk_extracted/res/Ng.xml  
build	Install Repo Tool, Magiskboot & unpack_bootimg	2026-10-05T19:12:00.9794781Z   inflating: /tmp/magisk_extracted/res/Ni.xml  
build	Install Repo Tool, Magiskboot & unpack_bootimg	2026-10-05T19:12:00.9795705Z  extracting: /tmp/magisk_extracted/res/Nk.9.png  
build	Install Repo Tool, Magiskboot & unpack_bootimg	2026-10-05T19:12:00.9796636Z  extracting: /tmp/magisk_extracted/res/No.9.png  
build	Install Repo Tool, Magiskboot & unpack_bootimg	2026-10-05T19:12:00.9797752Z   inflating: /tmp/magisk_extracted/res/Nu.xml  
build	Install Repo Tool, Magiskboot & unpack_bootimg	2026-10-05T19:12:00.9798806Z   inflating: /tmp/magisk_extracted/res/Ny.xml  
build	Install Repo Tool, Magiskboot & unpack_bootimg	2026-10-05T19:12:00.9799938Z   inflating: /tmp/magisk_extracted/res/OH.xml  
build	Install Repo Tool, Magiskboot & unpack_bootimg	2026-10-05T19:12:00.9800765Z  extracting: /tmp/magisk_extracted/res/OM.png  
build	Install Repo Tool, Magiskboot & unpack_bootimg	2026-10-05T19:12:00.9801696Z  extracting: /tmp/magisk_extracted/res/OX.png  
build	Install Repo Tool, Magiskboot & unpack_bootimg	2026-10-05T19:12:00.9802743Z   inflating: /tmp/magisk_extracted/res/OX.xml  
build	Install Repo Tool, Magiskboot & unpack_bootimg	2026-10-05T19:12:00.9803777Z  extracting: /tmp/magisk_extracted/res/OX1.png  
build	Install Repo Tool, Magiskboot & unpack_bootimg	2026-10-05T19:12:00.9814591Z   inflating: /tmp/magisk_extracted/res/Oi.xml  
build	Install Repo Tool, Magiskboot & unpack_bootimg	2026-10-05T19:12:00.9815197Z   inflating: /tmp/magisk_extracted/res/Ol.xml  
build	Install Repo Tool, Magiskboot & unpack_bootimg	2026-10-05T19:12:00.9815749Z   inflating: /tmp/magisk_extracted/res/Ot.xml  
build	Install Repo Tool, Magiskboot & unpack_bootimg	2026-10-05T19:12:00.9816544Z   inflating: /tmp/magisk_extracted/res/Ox.xml  
build	Install Repo Tool, Magiskboot & unpack_bootimg	2026-10-05T19:12:00.9817121Z   inflating: /tmp/magisk_extracted/res/PQ.xml  
build	Install Repo Tool, Magiskboot & unpack_bootimg	2026-10-05T19:12:00.9817736Z   inflating: /tmp/magisk_extracted/res/PV.xml  
build	Install Repo Tool, Magiskboot & unpack_bootimg	2026-10-05T19:12:00.9818297Z   inflating: /tmp/magisk_extracted/res/PX.xml  
build	Install Repo Tool, Magiskboot & unpack_bootimg	2026-10-05T19:12:00.9818859Z  extracting: /tmp/magisk_extracted/res/Pa.9.png  
build	Install Repo Tool, Magiskboot & unpack_bootimg	2026-10-05T19:12:00.9819437Z   inflating: /tmp/magisk_extracted/res/Pa.xml  
build	Install Repo Tool, Magiskboot & unpack_bootimg	2026-10-05T19:12:00.9819983Z  extracting: /tmp/magisk_extracted/res/Pb.png  
build	Install Repo Tool, Magiskboot & unpack_bootimg	2026-10-05T19:12:00.9820532Z   inflating: /tmp/magisk_extracted/res/Pd.xml  
build	Install Repo Tool, Magiskboot & unpack_bootimg	2026-10-05T19:12:00.9821077Z  extracting: /tmp/magisk_extracted/res/Pg.9.png  
build	Install Repo Tool, Magiskboot & unpack_bootimg	2026-10-05T19:12:00.9821631Z   inflating: /tmp/magisk_extracted/res/Pk.xml  
build	Install Repo Tool, Magiskboot & unpack_bootimg	2026-10-05T19:12:00.9822185Z  extracting: /tmp/magisk_extracted/res/Q-.png  
build	Install Repo Tool, Magiskboot & unpack_bootimg	2026-10-05T19:12:00.9834321Z   inflating: /tmp/magisk_extracted/res/QD.xml  
build	Install Repo Tool, Magiskboot & unpack_bootimg	2026-10-05T19:12:00.9844511Z   inflating: /tmp/magisk_extracted/res/QH.xml  
build	Install Repo Tool, Magiskboot & unpack_bootimg	2026-10-05T19:12:00.9845162Z  extracting: /tmp/magisk_extracted/res/QJ.9.png  
build	Install Repo Tool, Magiskboot & unpack_bootimg	2026-10-05T19:12:00.9845790Z   inflating: /tmp/magisk_extracted/res/QN.xml  
build	Install Repo Tool, Magiskboot & unpack_bootimg	2026-10-05T19:12:00.9846403Z   inflating: /tmp/magisk_extracted/res/QN1.xml  
build	Install Repo Tool, Magiskboot & unpack_bootimg	2026-10-05T19:12:00.9847013Z   inflating: /tmp/magisk_extracted/res/QU.xml  
build	Install Repo Tool, Magiskboot & unpack_bootimg	2026-10-05T19:12:00.9847600Z   inflating: /tmp/magisk_extracted/res/QZ.xml  
build	Install Repo Tool, Magiskboot & unpack_bootimg	2026-10-05T19:12:00.9848188Z   inflating: /tmp/magisk_extracted/res/QZ1.xml  
build	Install Repo Tool, Magiskboot & unpack_bootimg	2026-10-05T19:12:00.9848775Z   inflating: /tmp/magisk_extracted/res/Qd.xml  
build	Install Repo Tool, Magiskboot & unpack_bootimg	2026-10-05T19:12:00.9849704Z   inflating: /tmp/magisk_extracted/res/Qd1.xml  
build	Install Repo Tool, Magiskboot & unpack_bootimg	2026-10-05T19:12:00.9850294Z   inflating: /tmp/magisk_extracted/res/Qp.xml  
build	Install Repo Tool, Magiskboot & unpack_bootimg	2026-10-05T19:12:00.9850873Z   inflating: /tmp/magisk_extracted/res/Qt.xml  
build	Install Repo Tool, Magiskboot & unpack_bootimg	2026-10-05T19:12:00.9851451Z   inflating: /tmp/magisk_extracted/res/Qu.xml  
build	Install Repo Tool, Magiskboot & unpack_bootimg	2026-10-05T19:12:00.9852031Z   inflating: /tmp/magisk_extracted/res/Qw.xml  
build	Install Repo Tool, Magiskboot & unpack_bootimg	2026-10-05T19:12:00.9852619Z   inflating: /tmp/magisk_extracted/res/Qw1.xml  
build	Install Repo Tool, Magiskboot & unpack_bootimg	2026-10-05T19:12:00.9853227Z   inflating: /tmp/magisk_extracted/res/R2.xml  
build	Install Repo Tool, Magiskboot & unpack_bootimg	2026-10-05T19:12:00.9854490Z   inflating: /tmp/magisk_extracted/res/RD.xml  
build	Install Repo Tool, Magiskboot & unpack_bootimg	2026-10-05T19:12:00.9854879Z   inflating: /tmp/magisk_extracted/res/RD1.xml  
build	Install Repo Tool, Magiskboot & unpack_bootimg	2026-10-05T19:12:00.9855247Z   inflating: /tmp/magisk_extracted/res/RG.xml  
build	Install Repo Tool, Magiskboot & unpack_bootimg	2026-10-05T19:12:00.9855608Z   inflating: /tmp/magisk_extracted/res/RH.xml  
build	Install Repo Tool, Magiskboot & unpack_bootimg	2026-10-05T19:12:00.9855940Z   inflating: /tmp/magisk_extracted/res/RI.xml  
build	Install Repo Tool, Magiskboot & unpack_bootimg	2026-10-05T19:12:00.9856258Z   inflating: /tmp/magisk_extracted/res/RM.xml  
build	Install Repo Tool, Magiskboot & unpack_bootimg	2026-10-05T19:12:00.9856558Z   inflating: /tmp/magisk_extracted/res/RO.xml  
build	Install Repo Tool, Magiskboot & unpack_bootimg	2026-10-05T19:12:00.9856862Z  extracting: /tmp/magisk_extracted/res/RV.png  
build	Install Repo Tool, Magiskboot & unpack_bootimg	2026-10-05T19:12:00.9857161Z   inflating: /tmp/magisk_extracted/res/Ro.xml  
build	Install Repo Tool, Magiskboot & unpack_bootimg	2026-10-05T19:12:00.9857450Z   inflating: /tmp/magisk_extracted/res/Rv.xml  
build	Install Repo Tool, Magiskboot & unpack_bootimg	2026-10-05T19:12:00.9857742Z   inflating: /tmp/magisk_extracted/res/S6.xml  
build	Install Repo Tool, Magiskboot & unpack_bootimg	2026-10-05T19:12:00.9858030Z   inflating: /tmp/magisk_extracted/res/S8.xml  
build	Install Repo Tool, Magiskboot & unpack_bootimg	2026-10-05T19:12:00.9858317Z   inflating: /tmp/magisk_extracted/res/SG.xml  
build	Install Repo Tool, Magiskboot & unpack_bootimg	2026-10-05T19:12:00.9858630Z  extracting: /tmp/magisk_extracted/res/SV.9.png  
build	Install Repo Tool, Magiskboot & unpack_bootimg	2026-10-05T19:12:00.9858957Z   inflating: /tmp/magisk_extracted/res/SV.xml  
build	Install Repo Tool, Magiskboot & unpack_bootimg	2026-10-05T19:12:00.9859254Z   inflating: /tmp/magisk_extracted/res/Sc.xml  
build	Install Repo Tool, Magiskboot & unpack_bootimg	2026-10-05T19:12:00.9859557Z   inflating: /tmp/magisk_extracted/res/Sl.xml  
build	Install Repo Tool, Magiskboot & unpack_bootimg	2026-10-05T19:12:00.9859854Z   inflating: /tmp/magisk_extracted/res/Sq.xml  
build	Install Repo Tool, Magiskboot & unpack_bootimg	2026-10-05T19:12:00.9860145Z   inflating: /tmp/magisk_extracted/res/Sr.xml  
build	Install Repo Tool, Magiskboot & unpack_bootimg	2026-10-05T19:12:00.9860448Z  extracting: /tmp/magisk_extracted/res/Su.9.png  
build	Install Repo Tool, Magiskboot & unpack_bootimg	2026-10-05T19:12:00.9860760Z   inflating: /tmp/magisk_extracted/res/T4.xml  
build	Install Repo Tool, Magiskboot & unpack_bootimg	2026-10-05T19:12:00.9861050Z   inflating: /tmp/magisk_extracted/res/TB.xml  
build	Install Repo Tool, Magiskboot & unpack_bootimg	2026-10-05T19:12:00.9861336Z   inflating: /tmp/magisk_extracted/res/TF.xml  
build	Install Repo Tool, Magiskboot & unpack_bootimg	2026-10-05T19:12:00.9861629Z   inflating: /tmp/magisk_extracted/res/TH.xml  
build	Install Repo Tool, Magiskboot & unpack_bootimg	2026-10-05T19:12:00.9861915Z   inflating: /tmp/magisk_extracted/res/TJ.xml  
build	Install Repo Tool, Magiskboot & unpack_bootimg	2026-10-05T19:12:00.9862206Z   inflating: /tmp/magisk_extracted/res/TW.xml  
build	Install Repo Tool, Magiskboot & unpack_bootimg	2026-10-05T19:12:00.9862674Z   inflating: /tmp/magisk_extracted/res/Ta.xml  
build	Install Repo Tool, Magiskboot & unpack_bootimg	2026-10-05T19:12:00.9864219Z   inflating: /tmp/magisk_extracted/res/Tf.xml  
build	Install Repo Tool, Magiskboot & unpack_bootimg	2026-10-05T19:12:00.9874425Z  extracting: /tmp/magisk_extracted/res/Th.png  
build	Install Repo Tool, Magiskboot & unpack_bootimg	2026-10-05T19:12:00.9875018Z  extracting: /tmp/magisk_extracted/res/Tj.9.png  
build	Install Repo Tool, Magiskboot & unpack_bootimg	2026-10-05T19:12:00.9875493Z   inflating: /tmp/magisk_extracted/res/Tl.xml  
build	Install Repo Tool, Magiskboot & unpack_bootimg	2026-10-05T19:12:00.9875859Z   inflating: /tmp/magisk_extracted/res/Tm.xml  
build	Install Repo Tool, Magiskboot & unpack_bootimg	2026-10-05T19:12:00.9876258Z   inflating: /tmp/magisk_extracted/res/Tn.xml  
build	Install Repo Tool, Magiskboot & unpack_bootimg	2026-10-05T19:12:00.9876720Z   inflating: /tmp/magisk_extracted/res/Tn1.xml  
build	Install Repo Tool, Magiskboot & unpack_bootimg	2026-10-05T19:12:00.9877114Z  extracting: /tmp/magisk_extracted/res/Tr.png  
build	Install Repo Tool, Magiskboot & unpack_bootimg	2026-10-05T19:12:00.9877522Z  extracting: /tmp/magisk_extracted/res/U-.9.png  
build	Install Repo Tool, Magiskboot & unpack_bootimg	2026-10-05T19:12:00.9877881Z   inflating: /tmp/magisk_extracted/res/U0.xml  
build	Install Repo Tool, Magiskboot & unpack_bootimg	2026-10-05T19:12:00.9878292Z   inflating: /tmp/magisk_extracted/res/U7.xml  
build	Install Repo Tool, Magiskboot & unpack_bootimg	2026-10-05T19:12:00.9878707Z   inflating: /tmp/magisk_extracted/res/U8.xml  
build	Install Repo Tool, Magiskboot & unpack_bootimg	2026-10-05T19:12:00.9879124Z   inflating: /tmp/magisk_extracted/res/UB.xml  
build	Install Repo Tool, Magiskboot & unpack_bootimg	2026-10-05T19:12:00.9879558Z  extracting: /tmp/magisk_extracted/res/UE.9.png  
build	Install Repo Tool, Magiskboot & unpack_bootimg	2026-10-05T19:12:00.9879967Z   inflating: /tmp/magisk_extracted/res/UE.xml  
build	Install Repo Tool, Magiskboot & unpack_bootimg	2026-10-05T19:12:00.9880401Z   inflating: /tmp/magisk_extracted/res/UP.xml  
build	Install Repo Tool, Magiskboot & unpack_bootimg	2026-10-05T19:12:00.9880725Z  extracting: /tmp/magisk_extracted/res/UR.png  
build	Install Repo Tool, Magiskboot & unpack_bootimg	2026-10-05T19:12:00.9881144Z   inflating: /tmp/magisk_extracted/res/UX.xml  
build	Install Repo Tool, Magiskboot & unpack_bootimg	2026-10-05T19:12:00.9881549Z   inflating: /tmp/magisk_extracted/res/Uf.xml  
build	Install Repo Tool, Magiskboot & unpack_bootimg	2026-10-05T19:12:00.9882168Z   inflating: /tmp/magisk_extracted/res/Ug.xml  
build	Install Repo Tool, Magiskboot & unpack_bootimg	2026-10-05T19:12:00.9882602Z   inflating: /tmp/magisk_extracted/res/V1.xml  
build	Install Repo Tool, Magiskboot & unpack_bootimg	2026-10-05T19:12:00.9882947Z   inflating: /tmp/magisk_extracted/res/V3.xml  
build	Install Repo Tool, Magiskboot & unpack_bootimg	2026-10-05T19:12:00.9883307Z   inflating: /tmp/magisk_extracted/res/V7.xml  
build	Install Repo Tool, Magiskboot & unpack_bootimg	2026-10-05T19:12:00.9883981Z   inflating: /tmp/magisk_extracted/res/VD.xml  
build	Install Repo Tool, Magiskboot & unpack_bootimg	2026-10-05T19:12:00.9884428Z   inflating: /tmp/magisk_extracted/res/VF.xml  
build	Install Repo Tool, Magiskboot & unpack_bootimg	2026-10-05T19:12:00.9884851Z   inflating: /tmp/magisk_extracted/res/VL.xml  
build	Install Repo Tool, Magiskboot & unpack_bootimg	2026-10-05T19:12:00.9885236Z   inflating: /tmp/magisk_extracted/res/VM.xml  
build	Install Repo Tool, Magiskboot & unpack_bootimg	2026-10-05T19:12:00.9885670Z   inflating: /tmp/magisk_extracted/res/VN.xml  
build	Install Repo Tool, Magiskboot & unpack_bootimg	2026-10-05T19:12:00.9885975Z   inflating: /tmp/magisk_extracted/res/VS.xml  
build	Install Repo Tool, Magiskboot & unpack_bootimg	2026-10-05T19:12:00.9886375Z   inflating: /tmp/magisk_extracted/res/VT.xml  
build	Install Repo Tool, Magiskboot & unpack_bootimg	2026-10-05T19:12:00.9886786Z  extracting: /tmp/magisk_extracted/res/VW.png  
build	Install Repo Tool, Magiskboot & unpack_bootimg	2026-10-05T19:12:00.9887204Z   inflating: /tmp/magisk_extracted/res/Vq.xml  
build	Install Repo Tool, Magiskboot & unpack_bootimg	2026-10-05T19:12:00.9887518Z  extracting: /tmp/magisk_extracted/res/W4.9.png  
build	Install Repo Tool, Magiskboot & unpack_bootimg	2026-10-05T19:12:00.9887994Z  extracting: /tmp/magisk_extracted/res/W5.png  
build	Install Repo Tool, Magiskboot & unpack_bootimg	2026-10-05T19:12:00.9888419Z   inflating: /tmp/magisk_extracted/res/WI.xml  
build	Install Repo Tool, Magiskboot & unpack_bootimg	2026-10-05T19:12:00.9888834Z   inflating: /tmp/magisk_extracted/res/WK.xml  
build	Install Repo Tool, Magiskboot & unpack_bootimg	2026-10-05T19:12:00.9889182Z   inflating: /tmp/magisk_extracted/res/WQ.xml  
build	Install Repo Tool, Magiskboot & unpack_bootimg	2026-10-05T19:12:00.9889650Z   inflating: /tmp/magisk_extracted/res/Wa.xml  
build	Install Repo Tool, Magiskboot & unpack_bootimg	2026-10-05T19:12:00.9889954Z  extracting: /tmp/magisk_extracted/res/Wh.png  
build	Install Repo Tool, Magiskboot & unpack_bootimg	2026-10-05T19:12:00.9890456Z   inflating: /tmp/magisk_extracted/res/Wi.xml  
build	Install Repo Tool, Magiskboot & unpack_bootimg	2026-10-05T19:12:00.9890776Z  extracting: /tmp/magisk_extracted/res/Wr.png  
build	Install Repo Tool, Magiskboot & unpack_bootimg	2026-10-05T19:12:00.9891189Z   inflating: /tmp/magisk_extracted/res/Ws.xml  
build	Install Repo Tool, Magiskboot & unpack_bootimg	2026-10-05T19:12:00.9891609Z  extracting: /tmp/magisk_extracted/res/Wz.png  
build	Install Repo Tool, Magiskboot & unpack_bootimg	2026-10-05T19:12:00.9891915Z  extracting: /tmp/magisk_extracted/res/X3.9.png  
build	Install Repo Tool, Magiskboot & unpack_bootimg	2026-10-05T19:12:00.9892333Z  extracting: /tmp/magisk_extracted/res/X4.9.png  
build	Install Repo Tool, Magiskboot & unpack_bootimg	2026-10-05T19:12:00.9892639Z   inflating: /tmp/magisk_extracted/res/XK.xml  
build	Install Repo Tool, Magiskboot & unpack_bootimg	2026-10-05T19:12:00.9893280Z   inflating: /tmp/magisk_extracted/res/XO.xml  
build	Install Repo Tool, Magiskboot & unpack_bootimg	2026-10-05T19:12:00.9894744Z   inflating: /tmp/magisk_extracted/res/XQ.xml  
build	Install Repo Tool, Magiskboot & unpack_bootimg	2026-10-05T19:12:00.9896160Z   inflating: /tmp/magisk_extracted/res/XV.xml  
build	Install Repo Tool, Magiskboot & unpack_bootimg	2026-10-05T19:12:00.9897054Z   inflating: /tmp/magisk_extracted/res/XW.xml  
build	Install Repo Tool, Magiskboot & unpack_bootimg	2026-10-05T19:12:00.9897936Z   inflating: /tmp/magisk_extracted/res/XW1.xml  
build	Install Repo Tool, Magiskboot & unpack_bootimg	2026-10-05T19:12:00.9898981Z   inflating: /tmp/magisk_extracted/res/XY.xml  
build	Install Repo Tool, Magiskboot & unpack_bootimg	2026-10-05T19:12:00.9899981Z   inflating: /tmp/magisk_extracted/res/Xe.xml  
build	Install Repo Tool, Magiskboot & unpack_bootimg	2026-10-05T19:12:00.9901097Z   inflating: /tmp/magisk_extracted/res/Xf.xml  
build	Install Repo Tool, Magiskboot & unpack_bootimg	2026-10-05T19:12:00.9902189Z   inflating: /tmp/magisk_extracted/res/Xx.xml  
build	Install Repo Tool, Magiskboot & unpack_bootimg	2026-10-05T19:12:00.9903275Z   inflating: /tmp/magisk_extracted/res/Xz.xml  
build	Install Repo Tool, Magiskboot & unpack_bootimg	2026-10-05T19:12:00.9904477Z  extracting: /tmp/magisk_extracted/res/Y3.png  
build	Install Repo Tool, Magiskboot & unpack_bootimg	2026-10-05T19:12:00.9905627Z   inflating: /tmp/magisk_extracted/res/Y3.xml  
build	Install Repo Tool, Magiskboot & unpack_bootimg	2026-10-05T19:12:00.9906537Z  extracting: /tmp/magisk_extracted/res/Y7.9.png  
build	Install Repo Tool, Magiskboot & unpack_bootimg	2026-10-05T19:12:00.9907616Z  extracting: /tmp/magisk_extracted/res/Y9.png  
build	Install Repo Tool, Magiskboot & unpack_bootimg	2026-10-05T19:12:00.9908777Z   inflating: /tmp/magisk_extracted/res/Y9.xml  
build	Install Repo Tool, Magiskboot & unpack_bootimg	2026-10-05T19:12:00.9909729Z  extracting: /tmp/magisk_extracted/res/YD.png  
build	Install Repo Tool, Magiskboot & unpack_bootimg	2026-10-05T19:12:00.9910823Z  extracting: /tmp/magisk_extracted/res/YG.9.png  
build	Install Repo Tool, Magiskboot & unpack_bootimg	2026-10-05T19:12:00.9911920Z   inflating: /tmp/magisk_extracted/res/YN.xml  
build	Install Repo Tool, Magiskboot & unpack_bootimg	2026-10-05T19:12:00.9912981Z   inflating: /tmp/magisk_extracted/res/YW.xml  
build	Install Repo Tool, Magiskboot & unpack_bootimg	2026-10-05T19:12:00.9914350Z   inflating: /tmp/magisk_extracted/res/YW1.xml  
build	Install Repo Tool, Magiskboot & unpack_bootimg	2026-10-05T19:12:00.9915342Z   inflating: /tmp/magisk_extracted/res/Yc.xml  
build	Install Repo Tool, Magiskboot & unpack_bootimg	2026-10-05T19:12:00.9916450Z   inflating: /tmp/magisk_extracted/res/Yg.xml  
build	Install Repo Tool, Magiskboot & unpack_bootimg	2026-10-05T19:12:00.9917389Z  extracting: /tmp/magisk_extracted/res/Yt.9.png  
build	Install Repo Tool, Magiskboot & unpack_bootimg	2026-10-05T19:12:00.9918419Z  extracting: /tmp/magisk_extracted/res/Yw.9.png  
build	Install Repo Tool, Magiskboot & unpack_bootimg	2026-10-05T19:12:00.9919711Z   inflating: /tmp/magisk_extracted/res/Z1.xml  
build	Install Repo Tool, Magiskboot & unpack_bootimg	2026-10-05T19:12:00.9920739Z  extracting: /tmp/magisk_extracted/res/Z8.png  
build	Install Repo Tool, Magiskboot & unpack_bootimg	2026-10-05T19:12:00.9921827Z   inflating: /tmp/magisk_extracted/res/ZC.xml  
build	Install Repo Tool, Magiskboot & unpack_bootimg	2026-10-05T19:12:00.9923044Z   inflating: /tmp/magisk_extracted/res/ZL.xml  
build	Install Repo Tool, Magiskboot & unpack_bootimg	2026-10-05T19:12:00.9924487Z   inflating: /tmp/magisk_extracted/res/ZM.xml  
build	Install Repo Tool, Magiskboot & unpack_bootimg	2026-10-05T19:12:00.9925373Z  extracting: /tmp/magisk_extracted/res/ZN.9.png  
build	Install Repo Tool, Magiskboot & unpack_bootimg	2026-10-05T19:12:00.9926573Z   inflating: /tmp/magisk_extracted/res/ZN.xml  
build	Install Repo Tool, Magiskboot & unpack_bootimg	2026-10-05T19:12:00.9927871Z   inflating: /tmp/magisk_extracted/res/ZW.xml  
build	Install Repo Tool, Magiskboot & unpack_bootimg	2026-10-05T19:12:00.9929513Z   inflating: /tmp/magisk_extracted/res/ZW1.xml  
build	Install Repo Tool, Magiskboot & unpack_bootimg	2026-10-05T19:12:00.9930628Z   inflating: /tmp/magisk_extracted/res/Zd.xml  
build	Install Repo Tool, Magiskboot & unpack_bootimg	2026-10-05T19:12:00.9931737Z   inflating: /tmp/magisk_extracted/res/Ze.xml  
build	Install Repo Tool, Magiskboot & unpack_bootimg	2026-10-05T19:12:00.9932875Z   inflating: /tmp/magisk_extracted/res/Zg.xml  
build	Install Repo Tool, Magiskboot & unpack_bootimg	2026-10-05T19:12:00.9934275Z   inflating: /tmp/magisk_extracted/res/_G.xml  
build	Install Repo Tool, Magiskboot & unpack_bootimg	2026-10-05T19:12:00.9935479Z   inflating: /tmp/magisk_extracted/res/_H.xml  
build	Install Repo Tool, Magiskboot & unpack_bootimg	2026-10-05T19:12:00.9936522Z   inflating: /tmp/magisk_extracted/res/_I.xml  
build	Install Repo Tool, Magiskboot & unpack_bootimg	2026-10-05T19:12:00.9937642Z   inflating: /tmp/magisk_extracted/res/_M.xml  
build	Install Repo Tool, Magiskboot & unpack_bootimg	2026-10-05T19:12:00.9938979Z   inflating: /tmp/magisk_extracted/res/_P.xml  
build	Install Repo Tool, Magiskboot & unpack_bootimg	2026-10-05T19:12:00.9940059Z   inflating: /tmp/magisk_extracted/res/_o.xml  
build	Install Repo Tool, Magiskboot & unpack_bootimg	2026-10-05T19:12:00.9941042Z  extracting: /tmp/magisk_extracted/res/_q.png  
build	Install Repo Tool, Magiskboot & unpack_bootimg	2026-10-05T19:12:00.9942192Z   inflating: /tmp/magisk_extracted/res/_s.xml  
build	Install Repo Tool, Magiskboot & unpack_bootimg	2026-10-05T19:12:00.9943327Z   inflating: /tmp/magisk_extracted/res/_y.xml  
build	Install Repo Tool, Magiskboot & unpack_bootimg	2026-10-05T19:12:00.9944903Z   inflating: /tmp/magisk_extracted/res/_z.xml  
build	Install Repo Tool, Magiskboot & unpack_bootimg	2026-10-05T19:12:00.9946163Z   inflating: /tmp/magisk_extracted/res/a0.xml  
build	Install Repo Tool, Magiskboot & unpack_bootimg	2026-10-05T19:12:00.9947386Z   inflating: /tmp/magisk_extracted/res/a1.xml  
build	Install Repo Tool, Magiskboot & unpack_bootimg	2026-10-05T19:12:00.9948566Z   inflating: /tmp/magisk_extracted/res/a5.xml  
build	Install Repo Tool, Magiskboot & unpack_bootimg	2026-10-05T19:12:00.9949807Z   inflating: /tmp/magisk_extracted/res/a7.xml  
build	Install Repo Tool, Magiskboot & unpack_bootimg	2026-10-05T19:12:00.9950995Z   inflating: /tmp/magisk_extracted/res/aA.xml  
build	Install Repo Tool, Magiskboot & unpack_bootimg	2026-10-05T19:12:00.9952118Z   inflating: /tmp/magisk_extracted/res/aG.xml  
build	Install Repo Tool, Magiskboot & unpack_bootimg	2026-10-05T19:12:00.9953249Z   inflating: /tmp/magisk_extracted/res/aJ.xml  
build	Install Repo Tool, Magiskboot & unpack_bootimg	2026-10-05T19:12:00.9954636Z   inflating: /tmp/magisk_extracted/res/aM.xml  
build	Install Repo Tool, Magiskboot & unpack_bootimg	2026-10-05T19:12:00.9955748Z  extracting: /tmp/magisk_extracted/res/aR.png  
build	Install Repo Tool, Magiskboot & unpack_bootimg	2026-10-05T19:12:00.9956870Z   inflating: /tmp/magisk_extracted/res/aT.xml  
build	Install Repo Tool, Magiskboot & unpack_bootimg	2026-10-05T19:12:00.9957803Z  extracting: /tmp/magisk_extracted/res/aU.9.png  
build	Install Repo Tool, Magiskboot & unpack_bootimg	2026-10-05T19:12:00.9958775Z  extracting: /tmp/magisk_extracted/res/aU.png  
build	Install Repo Tool, Magiskboot & unpack_bootimg	2026-10-05T19:12:00.9959822Z   inflating: /tmp/magisk_extracted/res/aW.xml  
build	Install Repo Tool, Magiskboot & unpack_bootimg	2026-10-05T19:12:00.9964548Z   inflating: /tmp/magisk_extracted/res/aa.xml  
build	Install Repo Tool, Magiskboot & unpack_bootimg	2026-10-05T19:12:00.9965262Z   inflating: /tmp/magisk_extracted/res/ad.xml  
build	Install Repo Tool, Magiskboot & unpack_bootimg	2026-10-05T19:12:00.9965849Z   inflating: /tmp/magisk_extracted/res/ae.xml  
build	Install Repo Tool, Magiskboot & unpack_bootimg	2026-10-05T19:12:00.9966448Z   inflating: /tmp/magisk_extracted/res/af.xml  
build	Install Repo Tool, Magiskboot & unpack_bootimg	2026-10-05T19:12:00.9967080Z  extracting: /tmp/magisk_extracted/res/ar.png  
build	Install Repo Tool, Magiskboot & unpack_bootimg	2026-10-05T19:12:00.9967753Z   inflating: /tmp/magisk_extracted/res/ay.xml  
build	Install Repo Tool, Magiskboot & unpack_bootimg	2026-10-05T19:12:00.9968339Z   inflating: /tmp/magisk_extracted/res/b1.xml  
build	Install Repo Tool, Magiskboot & unpack_bootimg	2026-10-05T19:12:00.9968977Z   inflating: /tmp/magisk_extracted/res/b2.xml  
build	Install Repo Tool, Magiskboot & unpack_bootimg	2026-10-05T19:12:00.9969558Z   inflating: /tmp/magisk_extracted/res/b8.xml  
build	Install Repo Tool, Magiskboot & unpack_bootimg	2026-10-05T19:12:00.9970512Z   inflating: /tmp/magisk_extracted/res/bL.xml  
build	Install Repo Tool, Magiskboot & unpack_bootimg	2026-10-05T19:12:00.9972052Z   inflating: /tmp/magisk_extracted/res/bP.xml  
build	Install Repo Tool, Magiskboot & unpack_bootimg	2026-10-05T19:12:00.9973144Z   inflating: /tmp/magisk_extracted/res/bT.xml  
build	Install Repo Tool, Magiskboot & unpack_bootimg	2026-10-05T19:12:00.9974265Z  extracting: /tmp/magisk_extracted/res/bX.9.png  
build	Install Repo Tool, Magiskboot & unpack_bootimg	2026-10-05T19:12:00.9975361Z   inflating: /tmp/magisk_extracted/res/bb.xml  
build	Install Repo Tool, Magiskboot & unpack_bootimg	2026-10-05T19:12:00.9976321Z  extracting: /tmp/magisk_extracted/res/bi.png  
build	Install Repo Tool, Magiskboot & unpack_bootimg	2026-10-05T19:12:00.9977659Z   inflating: /tmp/magisk_extracted/res/bm.xml  
build	Install Repo Tool, Magiskboot & unpack_bootimg	2026-10-05T19:12:00.9984892Z   inflating: /tmp/magisk_extracted/res/bt.xml  
build	Install Repo Tool, Magiskboot & unpack_bootimg	2026-10-05T19:12:00.9985786Z   inflating: /tmp/magisk_extracted/res/c0.xml  
build	Install Repo Tool, Magiskboot & unpack_bootimg	2026-10-05T19:12:00.9986503Z   inflating: /tmp/magisk_extracted/res/c2.xml  
build	Install Repo Tool, Magiskboot & unpack_bootimg	2026-10-05T19:12:00.9987206Z   inflating: /tmp/magisk_extracted/res/c5.xml  
build	Install Repo Tool, Magiskboot & unpack_bootimg	2026-10-05T19:12:00.9988160Z   inflating: /tmp/magisk_extracted/res/c6.xml  
build	Install Repo Tool, Magiskboot & unpack_bootimg	2026-10-05T19:12:00.9988824Z   inflating: /tmp/magisk_extracted/res/cA.xml  
build	Install Repo Tool, Magiskboot & unpack_bootimg	2026-10-05T19:12:00.9989480Z   inflating: /tmp/magisk_extracted/res/cB.xml  
build	Install Repo Tool, Magiskboot & unpack_bootimg	2026-10-05T19:12:00.9990160Z   inflating: /tmp/magisk_extracted/res/cF.xml  
build	Install Repo Tool, Magiskboot & unpack_bootimg	2026-10-05T19:12:00.9990822Z   inflating: /tmp/magisk_extracted/res/cL.xml  
build	Install Repo Tool, Magiskboot & unpack_bootimg	2026-10-05T19:12:00.9991472Z   inflating: /tmp/magisk_extracted/res/cO.xml  
build	Install Repo Tool, Magiskboot & unpack_bootimg	2026-10-05T19:12:00.9992160Z   inflating: /tmp/magisk_extracted/res/cV.xml  
build	Install Repo Tool, Magiskboot & unpack_bootimg	2026-10-05T19:12:00.9992848Z   inflating: /tmp/magisk_extracted/res/cV1.xml  
build	Install Repo Tool, Magiskboot & unpack_bootimg	2026-10-05T19:12:00.9993774Z   inflating: /tmp/magisk_extracted/res/cc.xml  
build	Install Repo Tool, Magiskboot & unpack_bootimg	2026-10-05T19:12:00.9994543Z   inflating: /tmp/magisk_extracted/res/cm.xml  
build	Install Repo Tool, Magiskboot & unpack_bootimg	2026-10-05T19:12:00.9995508Z   inflating: /tmp/magisk_extracted/res/color-night-v8/material_timepicker_button_stroke.xml  
build	Install Repo Tool, Magiskboot & unpack_bootimg	2026-10-05T19:12:00.9996753Z   inflating: /tmp/magisk_extracted/res/color-night-v8/material_timepicker_clockface.xml  
build	Install Repo Tool, Magiskboot & unpack_bootimg	2026-10-05T19:12:01.0000076Z   inflating: /tmp/magisk_extracted/res/color-night-v8/material_timepicker_modebutton_tint.xml  
build	Install Repo Tool, Magiskboot & unpack_bootimg	2026-10-05T19:12:01.0001379Z   inflating: /tmp/magisk_extracted/res/color-v23/abc_btn_colored_borderless_text_material.xml  
build	Install Repo Tool, Magiskboot & unpack_bootimg	2026-10-05T19:12:01.0002379Z   inflating: /tmp/magisk_extracted/res/color-v23/abc_btn_colored_text_material.xml  
build	Install Repo Tool, Magiskboot & unpack_bootimg	2026-10-05T19:12:01.0003201Z   inflating: /tmp/magisk_extracted/res/color-v23/abc_color_highlight_material.xml  
build	Install Repo Tool, Magiskboot & unpack_bootimg	2026-10-05T19:12:01.0004203Z   inflating: /tmp/magisk_extracted/res/color-v23/abc_tint_btn_checkable.xml  
build	Install Repo Tool, Magiskboot & unpack_bootimg	2026-10-05T19:12:01.0005022Z   inflating: /tmp/magisk_extracted/res/color-v23/abc_tint_default.xml  
build	Install Repo Tool, Magiskboot & unpack_bootimg	2026-10-05T19:12:01.0005675Z   inflating: /tmp/magisk_extracted/res/color-v23/abc_tint_edittext.xml  
build	Install Repo Tool, Magiskboot & unpack_bootimg	2026-10-05T19:12:01.0006359Z   inflating: /tmp/magisk_extracted/res/color-v23/abc_tint_seek_thumb.xml  
build	Install Repo Tool, Magiskboot & unpack_bootimg	2026-10-05T19:12:01.0007033Z   inflating: /tmp/magisk_extracted/res/color-v23/abc_tint_spinner.xml  
build	Install Repo Tool, Magiskboot & unpack_bootimg	2026-10-05T19:12:01.0007644Z   inflating: /tmp/magisk_extracted/res/color-v23/abc_tint_switch_track.xml  
build	Install Repo Tool, Magiskboot & unpack_bootimg	2026-10-05T19:12:01.0008425Z   inflating: /tmp/magisk_extracted/res/color-v31/m3_dynamic_dark_default_color_primary_text.xml  
build	Install Repo Tool, Magiskboot & unpack_bootimg	2026-10-05T19:12:01.0009273Z   inflating: /tmp/magisk_extracted/res/color-v31/m3_dynamic_dark_default_color_secondary_text.xml  
build	Install Repo Tool, Magiskboot & unpack_bootimg	2026-10-05T19:12:01.0010088Z   inflating: /tmp/magisk_extracted/res/color-v31/m3_dynamic_dark_highlighted_text.xml  
build	Install Repo Tool, Magiskboot & unpack_bootimg	2026-10-05T19:12:01.0010833Z   inflating: /tmp/magisk_extracted/res/color-v31/m3_dynamic_dark_hint_foreground.xml  
build	Install Repo Tool, Magiskboot & unpack_bootimg	2026-10-05T19:12:01.0011881Z   inflating: /tmp/magisk_extracted/res/color-v31/m3_dynamic_dark_primary_text_disable_only.xml  
build	Install Repo Tool, Magiskboot & unpack_bootimg	2026-10-05T19:12:01.0012727Z   inflating: /tmp/magisk_extracted/res/color-v31/m3_dynamic_default_color_primary_text.xml  
build	Install Repo Tool, Magiskboot & unpack_bootimg	2026-10-05T19:12:01.0013762Z   inflating: /tmp/magisk_extracted/res/color-v31/m3_dynamic_default_color_secondary_text.xml  
build	Install Repo Tool, Magiskboot & unpack_bootimg	2026-10-05T19:12:01.0014597Z   inflating: /tmp/magisk_extracted/res/color-v31/m3_dynamic_highlighted_text.xml  
build	Install Repo Tool, Magiskboot & unpack_bootimg	2026-10-05T19:12:01.0015334Z   inflating: /tmp/magisk_extracted/res/color-v31/m3_dynamic_hint_foreground.xml  
build	Install Repo Tool, Magiskboot & unpack_bootimg	2026-10-05T19:12:01.0016103Z   inflating: /tmp/magisk_extracted/res/color-v31/m3_dynamic_primary_text_disable_only.xml  
build	Install Repo Tool, Magiskboot & unpack_bootimg	2026-10-05T19:12:01.0016882Z   inflating: /tmp/magisk_extracted/res/color-v31/m3_ref_palette_dynamic_neutral12.xml  
build	Install Repo Tool, Magiskboot & unpack_bootimg	2026-10-05T19:12:01.0017632Z   inflating: /tmp/magisk_extracted/res/color-v31/m3_ref_palette_dynamic_neutral17.xml  
build	Install Repo Tool, Magiskboot & unpack_bootimg	2026-10-05T19:12:01.0018379Z   inflating: /tmp/magisk_extracted/res/color-v31/m3_ref_palette_dynamic_neutral22.xml  
build	Install Repo Tool, Magiskboot & unpack_bootimg	2026-10-05T19:12:01.0019126Z   inflating: /tmp/magisk_extracted/res/color-v31/m3_ref_palette_dynamic_neutral24.xml  
build	Install Repo Tool, Magiskboot & unpack_bootimg	2026-10-05T19:12:01.0019876Z   inflating: /tmp/magisk_extracted/res/color-v31/m3_ref_palette_dynamic_neutral4.xml  
build	Install Repo Tool, Magiskboot & unpack_bootimg	2026-10-05T19:12:01.0020619Z   inflating: /tmp/magisk_extracted/res/color-v31/m3_ref_palette_dynamic_neutral6.xml  
build	Install Repo Tool, Magiskboot & unpack_bootimg	2026-10-05T19:12:01.0021385Z   inflating: /tmp/magisk_extracted/res/color-v31/m3_ref_palette_dynamic_neutral87.xml  
build	Install Repo Tool, Magiskboot & unpack_bootimg	2026-10-05T19:12:01.0022487Z   inflating: /tmp/magisk_extracted/res/color-v31/m3_ref_palette_dynamic_neutral92.xml  
build	Install Repo Tool, Magiskboot & unpack_bootimg	2026-10-05T19:12:01.0023220Z   inflating: /tmp/magisk_extracted/res/color-v31/m3_ref_palette_dynamic_neutral94.xml  
build	Install Repo Tool, Magiskboot & unpack_bootimg	2026-10-05T19:12:01.0024082Z   inflating: /tmp/magisk_extracted/res/color-v31/m3_ref_palette_dynamic_neutral96.xml  
build	Install Repo Tool, Magiskboot & unpack_bootimg	2026-10-05T19:12:01.0024854Z   inflating: /tmp/magisk_extracted/res/color-v31/m3_ref_palette_dynamic_neutral98.xml  
build	Install Repo Tool, Magiskboot & unpack_bootimg	2026-10-05T19:12:01.0025652Z   inflating: /tmp/magisk_extracted/res/color-v31/m3_ref_palette_dynamic_neutral_variant12.xml  
build	Install Repo Tool, Magiskboot & unpack_bootimg	2026-10-05T19:12:01.0026439Z   inflating: /tmp/magisk_extracted/res/color-v31/m3_ref_palette_dynamic_neutral_variant17.xml  
build	Install Repo Tool, Magiskboot & unpack_bootimg	2026-10-05T19:12:01.0027199Z   inflating: /tmp/magisk_extracted/res/color-v31/m3_ref_palette_dynamic_neutral_variant22.xml  
build	Install Repo Tool, Magiskboot & unpack_bootimg	2026-10-05T19:12:01.0027959Z   inflating: /tmp/magisk_extracted/res/color-v31/m3_ref_palette_dynamic_neutral_variant24.xml  
build	Install Repo Tool, Magiskboot & unpack_bootimg	2026-10-05T19:12:01.0028781Z   inflating: /tmp/magisk_extracted/res/color-v31/m3_ref_palette_dynamic_neutral_variant4.xml  
build	Install Repo Tool, Magiskboot & unpack_bootimg	2026-10-05T19:12:01.0029621Z   inflating: /tmp/magisk_extracted/res/color-v31/m3_ref_palette_dynamic_neutral_variant6.xml  
build	Install Repo Tool, Magiskboot & unpack_bootimg	2026-10-05T19:12:01.0030407Z   inflating: /tmp/magisk_extracted/res/color-v31/m3_ref_palette_dynamic_neutral_variant87.xml  
build	Install Repo Tool, Magiskboot & unpack_bootimg	2026-10-05T19:12:01.0031115Z   inflating: /tmp/magisk_extracted/res/color-v31/m3_ref_palette_dynamic_neutral_variant92.xml  
build	Install Repo Tool, Magiskboot & unpack_bootimg	2026-10-05T19:12:01.0031805Z   inflating: /tmp/magisk_extracted/res/color-v31/m3_ref_palette_dynamic_neutral_variant94.xml  
build	Install Repo Tool, Magiskboot & unpack_bootimg	2026-10-05T19:12:01.0032777Z   inflating: /tmp/magisk_extracted/res/color-v31/m3_ref_palette_dynamic_neutral_variant96.xml  
build	Install Repo Tool, Magiskboot & unpack_bootimg	2026-10-05T19:12:01.0033752Z   inflating: /tmp/magisk_extracted/res/color-v31/m3_ref_palette_dynamic_neutral_variant98.xml  
build	Install Repo Tool, Magiskboot & unpack_bootimg	2026-10-05T19:12:01.0034469Z   inflating: /tmp/magisk_extracted/res/color/abc_background_cache_hint_selector_material_dark.xml  
build	Install Repo Tool, Magiskboot & unpack_bootimg	2026-10-05T19:12:01.0035122Z   inflating: /tmp/magisk_extracted/res/color/abc_background_cache_hint_selector_material_light.xml  
build	Install Repo Tool, Magiskboot & unpack_bootimg	2026-10-05T19:12:01.0044695Z   inflating: /tmp/magisk_extracted/res/color/abc_hint_foreground_material_dark.xml  
build	Install Repo Tool, Magiskboot & unpack_bootimg	2026-10-05T19:12:01.0045681Z   inflating: /tmp/magisk_extracted/res/color/abc_hint_foreground_material_light.xml  
build	Install Repo Tool, Magiskboot & unpack_bootimg	2026-10-05T19:12:01.0046701Z   inflating: /tmp/magisk_extracted/res/color/abc_primary_text_disable_only_material_dark.xml  
build	Install Repo Tool, Magiskboot & unpack_bootimg	2026-10-05T19:12:01.0047794Z   inflating: /tmp/magisk_extracted/res/color/abc_primary_text_disable_only_material_light.xml  
build	Install Repo Tool, Magiskboot & unpack_bootimg	2026-10-05T19:12:01.0049014Z   inflating: /tmp/magisk_extracted/res/color/abc_primary_text_material_dark.xml  
build	Install Repo Tool, Magiskboot & unpack_bootimg	2026-10-05T19:12:01.0049923Z   inflating: /tmp/magisk_extracted/res/color/abc_primary_text_material_light.xml  
build	Install Repo Tool, Magiskboot & unpack_bootimg	2026-10-05T19:12:01.0050770Z   inflating: /tmp/magisk_extracted/res/color/abc_search_url_text.xml  
build	Install Repo Tool, Magiskboot & unpack_bootimg	2026-10-05T19:12:01.0051618Z   inflating: /tmp/magisk_extracted/res/color/abc_secondary_text_material_dark.xml  
build	Install Repo Tool, Magiskboot & unpack_bootimg	2026-10-05T19:12:01.0052544Z   inflating: /tmp/magisk_extracted/res/color/abc_secondary_text_material_light.xml  
build	Install Repo Tool, Magiskboot & unpack_bootimg	2026-10-05T19:12:01.0053503Z   inflating: /tmp/magisk_extracted/res/color/color_card_background_color_selector.xml  
build	Install Repo Tool, Magiskboot & unpack_bootimg	2026-10-05T19:12:01.0054598Z   inflating: /tmp/magisk_extracted/res/color/color_error_transient.xml  
build	Install Repo Tool, Magiskboot & unpack_bootimg	2026-10-05T19:12:01.0055373Z   inflating: /tmp/magisk_extracted/res/color/color_menu_tint.xml  
build	Install Repo Tool, Magiskboot & unpack_bootimg	2026-10-05T19:12:01.0055985Z   inflating: /tmp/magisk_extracted/res/color/color_on_primary_transient.xml  
build	Install Repo Tool, Magiskboot & unpack_bootimg	2026-10-05T19:12:01.0056789Z   inflating: /tmp/magisk_extracted/res/color/color_primary_error_transient.xml  
build	Install Repo Tool, Magiskboot & unpack_bootimg	2026-10-05T19:12:01.0057653Z   inflating: /tmp/magisk_extracted/res/color/color_primary_transient.xml  
build	Install Repo Tool, Magiskboot & unpack_bootimg	2026-10-05T19:12:01.0058520Z   inflating: /tmp/magisk_extracted/res/color/color_state_primary_transient.xml  
build	Install Repo Tool, Magiskboot & unpack_bootimg	2026-10-05T19:12:01.0059367Z   inflating: /tmp/magisk_extracted/res/color/color_text_transient.xml  
build	Install Repo Tool, Magiskboot & unpack_bootimg	2026-10-05T19:12:01.0060166Z   inflating: /tmp/magisk_extracted/res/color/design_box_stroke_color.xml  
build	Install Repo Tool, Magiskboot & unpack_bootimg	2026-10-05T19:12:01.0061156Z   inflating: /tmp/magisk_extracted/res/color/design_error.xml  
build	Install Repo Tool, Magiskboot & unpack_bootimg	2026-10-05T19:12:01.0061867Z   inflating: /tmp/magisk_extracted/res/color/design_icon_tint.xml  
build	Install Repo Tool, Magiskboot & unpack_bootimg	2026-10-05T19:12:01.0062635Z   inflating: /tmp/magisk_extracted/res/color/m3_appbar_overlay_color.xml  
build	Install Repo Tool, Magiskboot & unpack_bootimg	2026-10-05T19:12:01.0063488Z   inflating: /tmp/magisk_extracted/res/color/m3_assist_chip_icon_tint_color.xml  
build	Install Repo Tool, Magiskboot & unpack_bootimg	2026-10-05T19:12:01.0064562Z   inflating: /tmp/magisk_extracted/res/color/m3_assist_chip_stroke_color.xml  
build	Install Repo Tool, Magiskboot & unpack_bootimg	2026-10-05T19:12:01.0065463Z   inflating: /tmp/magisk_extracted/res/color/m3_bottom_sheet_drag_handle_color.xml  
build	Install Repo Tool, Magiskboot & unpack_bootimg	2026-10-05T19:12:01.0066415Z   inflating: /tmp/magisk_extracted/res/color/m3_button_background_color_selector.xml  
build	Install Repo Tool, Magiskboot & unpack_bootimg	2026-10-05T19:12:01.0067377Z   inflating: /tmp/magisk_extracted/res/color/m3_button_foreground_color_selector.xml  
build	Install Repo Tool, Magiskboot & unpack_bootimg	2026-10-05T19:12:01.0068314Z   inflating: /tmp/magisk_extracted/res/color/m3_button_outline_color_selector.xml  
build	Install Repo Tool, Magiskboot & unpack_bootimg	2026-10-05T19:12:01.0085601Z   inflating: /tmp/magisk_extracted/res/color/m3_button_ripple_color.xml  
build	Install Repo Tool, Magiskboot & unpack_bootimg	2026-10-05T19:12:01.0086582Z   inflating: /tmp/magisk_extracted/res/color/m3_button_ripple_color_selector.xml  
build	Install Repo Tool, Magiskboot & unpack_bootimg	2026-10-05T19:12:01.0087545Z   inflating: /tmp/magisk_extracted/res/color/m3_calendar_item_disabled_text.xml  
build	Install Repo Tool, Magiskboot & unpack_bootimg	2026-10-05T19:12:01.0088457Z   inflating: /tmp/magisk_extracted/res/color/m3_calendar_item_stroke_color.xml  
build	Install Repo Tool, Magiskboot & unpack_bootimg	2026-10-05T19:12:01.0089347Z   inflating: /tmp/magisk_extracted/res/color/m3_card_foreground_color.xml  
build	Install Repo Tool, Magiskboot & unpack_bootimg	2026-10-05T19:12:01.0090189Z   inflating: /tmp/magisk_extracted/res/color/m3_card_ripple_color.xml  
build	Install Repo Tool, Magiskboot & unpack_bootimg	2026-10-05T19:12:01.0090975Z   inflating: /tmp/magisk_extracted/res/color/m3_card_stroke_color.xml  
build	Install Repo Tool, Magiskboot & unpack_bootimg	2026-10-05T19:12:01.0091797Z   inflating: /tmp/magisk_extracted/res/color/m3_checkbox_button_icon_tint.xml  
build	Install Repo Tool, Magiskboot & unpack_bootimg	2026-10-05T19:12:01.0092660Z   inflating: /tmp/magisk_extracted/res/color/m3_checkbox_button_tint.xml  
build	Install Repo Tool, Magiskboot & unpack_bootimg	2026-10-05T19:12:01.0093732Z   inflating: /tmp/magisk_extracted/res/color/m3_chip_assist_text_color.xml  
build	Install Repo Tool, Magiskboot & unpack_bootimg	2026-10-05T19:12:01.0094596Z   inflating: /tmp/magisk_extracted/res/color/m3_chip_background_color.xml  
build	Install Repo Tool, Magiskboot & unpack_bootimg	2026-10-05T19:12:01.0095407Z   inflating: /tmp/magisk_extracted/res/color/m3_chip_ripple_color.xml  
build	Install Repo Tool, Magiskboot & unpack_bootimg	2026-10-05T19:12:01.0096193Z   inflating: /tmp/magisk_extracted/res/color/m3_chip_stroke_color.xml  
build	Install Repo Tool, Magiskboot & unpack_bootimg	2026-10-05T19:12:01.0096959Z   inflating: /tmp/magisk_extracted/res/color/m3_chip_text_color.xml  
build	Install Repo Tool, Magiskboot & unpack_bootimg	2026-10-05T19:12:01.0097803Z   inflating: /tmp/magisk_extracted/res/color/m3_dark_default_color_primary_text.xml  
build	Install Repo Tool, Magiskboot & unpack_bootimg	2026-10-05T19:12:01.0099050Z   inflating: /tmp/magisk_extracted/res/color/m3_dark_default_color_secondary_text.xml  
build	Install Repo Tool, Magiskboot & unpack_bootimg	2026-10-05T19:12:01.0099965Z   inflating: /tmp/magisk_extracted/res/color/m3_dark_highlighted_text.xml  
build	Install Repo Tool, Magiskboot & unpack_bootimg	2026-10-05T19:12:01.0100807Z   inflating: /tmp/magisk_extracted/res/color/m3_dark_hint_foreground.xml  
build	Install Repo Tool, Magiskboot & unpack_bootimg	2026-10-05T19:12:01.0101685Z   inflating: /tmp/magisk_extracted/res/color/m3_dark_primary_text_disable_only.xml  
build	Install Repo Tool, Magiskboot & unpack_bootimg	2026-10-05T19:12:01.0102607Z   inflating: /tmp/magisk_extracted/res/color/m3_default_color_primary_text.xml  
build	Install Repo Tool, Magiskboot & unpack_bootimg	2026-10-05T19:12:01.0103701Z   inflating: /tmp/magisk_extracted/res/color/m3_default_color_secondary_text.xml  
build	Install Repo Tool, Magiskboot & unpack_bootimg	2026-10-05T19:12:01.0104612Z   inflating: /tmp/magisk_extracted/res/color/m3_efab_ripple_color_selector.xml  
build	Install Repo Tool, Magiskboot & unpack_bootimg	2026-10-05T19:12:01.0105518Z   inflating: /tmp/magisk_extracted/res/color/m3_elevated_chip_background_color.xml  
build	Install Repo Tool, Magiskboot & unpack_bootimg	2026-10-05T19:12:01.0106480Z   inflating: /tmp/magisk_extracted/res/color/m3_fab_efab_background_color_selector.xml  
build	Install Repo Tool, Magiskboot & unpack_bootimg	2026-10-05T19:12:01.0107485Z   inflating: /tmp/magisk_extracted/res/color/m3_fab_efab_foreground_color_selector.xml  
build	Install Repo Tool, Magiskboot & unpack_bootimg	2026-10-05T19:12:01.0108414Z   inflating: /tmp/magisk_extracted/res/color/m3_fab_ripple_color_selector.xml  
build	Install Repo Tool, Magiskboot & unpack_bootimg	2026-10-05T19:12:01.0109194Z   inflating: /tmp/magisk_extracted/res/color/m3_filled_icon_button_container_color_selector.xml  
build	Install Repo Tool, Magiskboot & unpack_bootimg	2026-10-05T19:12:01.0110200Z   inflating: /tmp/magisk_extracted/res/color/m3_highlighted_text.xml  
build	Install Repo Tool, Magiskboot & unpack_bootimg	2026-10-05T19:12:01.0110983Z   inflating: /tmp/magisk_extracted/res/color/m3_hint_foreground.xml  
build	Install Repo Tool, Magiskboot & unpack_bootimg	2026-10-05T19:12:01.0112043Z   inflating: /tmp/magisk_extracted/res/color/m3_icon_button_icon_color_selector.xml  
build	Install Repo Tool, Magiskboot & unpack_bootimg	2026-10-05T19:12:01.0113077Z   inflating: /tmp/magisk_extracted/res/color/m3_navigation_bar_item_with_indicator_icon_tint.xml  
build	Install Repo Tool, Magiskboot & unpack_bootimg	2026-10-05T19:12:01.0114294Z   inflating: /tmp/magisk_extracted/res/color/m3_navigation_bar_item_with_indicator_label_tint.xml  
build	Install Repo Tool, Magiskboot & unpack_bootimg	2026-10-05T19:12:01.0115376Z   inflating: /tmp/magisk_extracted/res/color/m3_navigation_bar_ripple_color_selector.xml  
build	Install Repo Tool, Magiskboot & unpack_bootimg	2026-10-05T19:12:01.0116371Z   inflating: /tmp/magisk_extracted/res/color/m3_navigation_item_background_color.xml  
build	Install Repo Tool, Magiskboot & unpack_bootimg	2026-10-05T19:12:01.0117287Z   inflating: /tmp/magisk_extracted/res/color/m3_navigation_item_icon_tint.xml  
build	Install Repo Tool, Magiskboot & unpack_bootimg	2026-10-05T19:12:01.0118183Z   inflating: /tmp/magisk_extracted/res/color/m3_navigation_item_ripple_color.xml  
build	Install Repo Tool, Magiskboot & unpack_bootimg	2026-10-05T19:12:01.0119081Z   inflating: /tmp/magisk_extracted/res/color/m3_navigation_item_text_color.xml  
build	Install Repo Tool, Magiskboot & unpack_bootimg	2026-10-05T19:12:01.0120068Z   inflating: /tmp/magisk_extracted/res/color/m3_navigation_rail_item_with_indicator_icon_tint.xml  
build	Install Repo Tool, Magiskboot & unpack_bootimg	2026-10-05T19:12:01.0121190Z   inflating: /tmp/magisk_extracted/res/color/m3_navigation_rail_item_with_indicator_label_tint.xml  
build	Install Repo Tool, Magiskboot & unpack_bootimg	2026-10-05T19:12:01.0122272Z   inflating: /tmp/magisk_extracted/res/color/m3_navigation_rail_ripple_color_selector.xml  
build	Install Repo Tool, Magiskboot & unpack_bootimg	2026-10-05T19:12:01.0123244Z   inflating: /tmp/magisk_extracted/res/color/m3_popupmenu_overlay_color.xml  
build	Install Repo Tool, Magiskboot & unpack_bootimg	2026-10-05T19:12:01.0124340Z   inflating: /tmp/magisk_extracted/res/color/m3_primary_text_disable_only.xml  
build	Install Repo Tool, Magiskboot & unpack_bootimg	2026-10-05T19:12:01.0125221Z   inflating: /tmp/magisk_extracted/res/color/m3_radiobutton_button_tint.xml  
build	Install Repo Tool, Magiskboot & unpack_bootimg	2026-10-05T19:12:01.0126065Z   inflating: /tmp/magisk_extracted/res/color/m3_radiobutton_ripple_tint.xml  
build	Install Repo Tool, Magiskboot & unpack_bootimg	2026-10-05T19:12:01.0127009Z   inflating: /tmp/magisk_extracted/res/color/m3_selection_control_ripple_color_selector.xml  
build	Install Repo Tool, Magiskboot & unpack_bootimg	2026-10-05T19:12:01.0127974Z   inflating: /tmp/magisk_extracted/res/color/m3_simple_item_ripple_color.xml  
build	Install Repo Tool, Magiskboot & unpack_bootimg	2026-10-05T19:12:01.0128840Z   inflating: /tmp/magisk_extracted/res/color/m3_slider_active_track_color.xml  
build	Install Repo Tool, Magiskboot & unpack_bootimg	2026-10-05T19:12:01.0129679Z   inflating: /tmp/magisk_extracted/res/color/m3_slider_halo_color.xml  
build	Install Repo Tool, Magiskboot & unpack_bootimg	2026-10-05T19:12:01.0130521Z   inflating: /tmp/magisk_extracted/res/color/m3_slider_inactive_track_color.xml  
build	Install Repo Tool, Magiskboot & unpack_bootimg	2026-10-05T19:12:01.0131361Z   inflating: /tmp/magisk_extracted/res/color/m3_slider_thumb_color.xml  
build	Install Repo Tool, Magiskboot & unpack_bootimg	2026-10-05T19:12:01.0132147Z   inflating: /tmp/magisk_extracted/res/color/m3_switch_thumb_tint.xml  
build	Install Repo Tool, Magiskboot & unpack_bootimg	2026-10-05T19:12:01.0133166Z   inflating: /tmp/magisk_extracted/res/color/m3_switch_track_tint.xml  
build	Install Repo Tool, Magiskboot & unpack_bootimg	2026-10-05T19:12:01.0134096Z   inflating: /tmp/magisk_extracted/res/color/m3_tabs_icon_color.xml  
build	Install Repo Tool, Magiskboot & unpack_bootimg	2026-10-05T19:12:01.0134916Z   inflating: /tmp/magisk_extracted/res/color/m3_tabs_icon_color_secondary.xml  
build	Install Repo Tool, Magiskboot & unpack_bootimg	2026-10-05T19:12:01.0135754Z   inflating: /tmp/magisk_extracted/res/color/m3_tabs_ripple_color.xml  
build	Install Repo Tool, Magiskboot & unpack_bootimg	2026-10-05T19:12:01.0136592Z   inflating: /tmp/magisk_extracted/res/color/m3_tabs_ripple_color_secondary.xml  
build	Install Repo Tool, Magiskboot & unpack_bootimg	2026-10-05T19:12:01.0137427Z   inflating: /tmp/magisk_extracted/res/color/m3_tabs_text_color.xml  
build	Install Repo Tool, Magiskboot & unpack_bootimg	2026-10-05T19:12:01.0138226Z   inflating: /tmp/magisk_extracted/res/color/m3_tabs_text_color_secondary.xml  
build	Install Repo Tool, Magiskboot & unpack_bootimg	2026-10-05T19:12:01.0139165Z   inflating: /tmp/magisk_extracted/res/color/m3_text_button_background_color_selector.xml  
build	Install Repo Tool, Magiskboot & unpack_bootimg	2026-10-05T19:12:01.0140185Z   inflating: /tmp/magisk_extracted/res/color/m3_text_button_foreground_color_selector.xml  
build	Install Repo Tool, Magiskboot & unpack_bootimg	2026-10-05T19:12:01.0141173Z   inflating: /tmp/magisk_extracted/res/color/m3_text_button_ripple_color_selector.xml  
build	Install Repo Tool, Magiskboot & unpack_bootimg	2026-10-05T19:12:01.0142148Z   inflating: /tmp/magisk_extracted/res/color/m3_textfield_filled_background_color.xml  
build	Install Repo Tool, Magiskboot & unpack_bootimg	2026-10-05T19:12:01.0143104Z   inflating: /tmp/magisk_extracted/res/color/m3_textfield_indicator_text_color.xml  
build	Install Repo Tool, Magiskboot & unpack_bootimg	2026-10-05T19:12:01.0144199Z   inflating: /tmp/magisk_extracted/res/color/m3_textfield_input_text_color.xml  
build	Install Repo Tool, Magiskboot & unpack_bootimg	2026-10-05T19:12:01.0145063Z   inflating: /tmp/magisk_extracted/res/color/m3_textfield_label_color.xml  
build	Install Repo Tool, Magiskboot & unpack_bootimg	2026-10-05T19:12:01.0145888Z   inflating: /tmp/magisk_extracted/res/color/m3_textfield_stroke_color.xml  
build	Install Repo Tool, Magiskboot & unpack_bootimg	2026-10-05T19:12:01.0147049Z   inflating: /tmp/magisk_extracted/res/color/m3_timepicker_button_background_color.xml  
build	Install Repo Tool, Magiskboot & unpack_bootimg	2026-10-05T19:12:01.0148011Z   inflating: /tmp/magisk_extracted/res/color/m3_timepicker_button_ripple_color.xml  
build	Install Repo Tool, Magiskboot & unpack_bootimg	2026-10-05T19:12:01.0148935Z   inflating: /tmp/magisk_extracted/res/color/m3_timepicker_button_text_color.xml  
build	Install Repo Tool, Magiskboot & unpack_bootimg	2026-10-05T19:12:01.0149859Z   inflating: /tmp/magisk_extracted/res/color/m3_timepicker_clock_text_color.xml  
build	Install Repo Tool, Magiskboot & unpack_bootimg	2026-10-05T19:12:01.0150828Z   inflating: /tmp/magisk_extracted/res/color/m3_timepicker_display_background_color.xml  
build	Install Repo Tool, Magiskboot & unpack_bootimg	2026-10-05T19:12:01.0151820Z   inflating: /tmp/magisk_extracted/res/color/m3_timepicker_display_ripple_color.xml  
build	Install Repo Tool, Magiskboot & unpack_bootimg	2026-10-05T19:12:01.0152757Z   inflating: /tmp/magisk_extracted/res/color/m3_timepicker_display_text_color.xml  
build	Install Repo Tool, Magiskboot & unpack_bootimg	2026-10-05T19:12:01.0153988Z   inflating: /tmp/magisk_extracted/res/color/m3_timepicker_secondary_text_button_ripple_color.xml  
build	Install Repo Tool, Magiskboot & unpack_bootimg	2026-10-05T19:12:01.0155107Z   inflating: /tmp/magisk_extracted/res/color/m3_timepicker_secondary_text_button_text_color.xml  
build	Install Repo Tool, Magiskboot & unpack_bootimg	2026-10-05T19:12:01.0156143Z   inflating: /tmp/magisk_extracted/res/color/m3_timepicker_time_input_stroke_color.xml  
build	Install Repo Tool, Magiskboot & unpack_bootimg	2026-10-05T19:12:01.0157119Z   inflating: /tmp/magisk_extracted/res/color/m3_tonal_button_ripple_color_selector.xml  
build	Install Repo Tool, Magiskboot & unpack_bootimg	2026-10-05T19:12:01.0158011Z   inflating: /tmp/magisk_extracted/res/color/material_cursor_color.xml  
build	Install Repo Tool, Magiskboot & unpack_bootimg	2026-10-05T19:12:01.0158808Z   inflating: /tmp/magisk_extracted/res/color/material_divider_color.xml  
build	Install Repo Tool, Magiskboot & unpack_bootimg	2026-10-05T19:12:01.0159671Z   inflating: /tmp/magisk_extracted/res/color/material_on_background_disabled.xml  
build	Install Repo Tool, Magiskboot & unpack_bootimg	2026-10-05T19:12:01.0160643Z   inflating: /tmp/magisk_extracted/res/color/material_on_background_emphasis_high_type.xml  
build	Install Repo Tool, Magiskboot & unpack_bootimg	2026-10-05T19:12:01.0161661Z   inflating: /tmp/magisk_extracted/res/color/material_on_background_emphasis_medium.xml  
build	Install Repo Tool, Magiskboot & unpack_bootimg	2026-10-05T19:12:01.0162599Z   inflating: /tmp/magisk_extracted/res/color/material_on_primary_disabled.xml  
build	Install Repo Tool, Magiskboot & unpack_bootimg	2026-10-05T19:12:01.0163686Z   inflating: /tmp/magisk_extracted/res/color/material_on_primary_emphasis_high_type.xml  
build	Install Repo Tool, Magiskboot & unpack_bootimg	2026-10-05T19:12:01.0164669Z   inflating: /tmp/magisk_extracted/res/color/material_on_primary_emphasis_medium.xml  
build	Install Repo Tool, Magiskboot & unpack_bootimg	2026-10-05T19:12:01.0165594Z   inflating: /tmp/magisk_extracted/res/color/material_on_surface_disabled.xml  
build	Install Repo Tool, Magiskboot & unpack_bootimg	2026-10-05T19:12:01.0166516Z   inflating: /tmp/magisk_extracted/res/color/material_on_surface_emphasis_high_type.xml  
build	Install Repo Tool, Magiskboot & unpack_bootimg	2026-10-05T19:12:01.0167484Z   inflating: /tmp/magisk_extracted/res/color/material_on_surface_emphasis_medium.xml  
build	Install Repo Tool, Magiskboot & unpack_bootimg	2026-10-05T19:12:01.0168618Z   inflating: /tmp/magisk_extracted/res/color/material_on_surface_stroke.xml  
build	Install Repo Tool, Magiskboot & unpack_bootimg	2026-10-05T19:12:01.0169549Z   inflating: /tmp/magisk_extracted/res/color/material_personalized__highlighted_text.xml  
build	Install Repo Tool, Magiskboot & unpack_bootimg	2026-10-05T19:12:01.0170478Z   inflating: /tmp/magisk_extracted/res/color/material_personalized__highlighted_text_inverse.xml  
build	Install Repo Tool, Magiskboot & unpack_bootimg	2026-10-05T19:12:01.0171418Z   inflating: /tmp/magisk_extracted/res/color/material_personalized_color_primary_text.xml  
build	Install Repo Tool, Magiskboot & unpack_bootimg	2026-10-05T19:12:01.0172482Z   inflating: /tmp/magisk_extracted/res/color/material_personalized_color_primary_text_inverse.xml  
build	Install Repo Tool, Magiskboot & unpack_bootimg	2026-10-05T19:12:01.0173449Z   inflating: /tmp/magisk_extracted/res/color/material_personalized_color_secondary_text.xml  
build	Install Repo Tool, Magiskboot & unpack_bootimg	2026-10-05T19:12:01.0174660Z   inflating: /tmp/magisk_extracted/res/color/material_personalized_color_secondary_text_inverse.xml  
build	Install Repo Tool, Magiskboot & unpack_bootimg	2026-10-05T19:12:01.0175754Z   inflating: /tmp/magisk_extracted/res/color/material_personalized_hint_foreground.xml  
build	Install Repo Tool, Magiskboot & unpack_bootimg	2026-10-05T19:12:01.0176695Z   inflating: /tmp/magisk_extracted/res/color/material_personalized_hint_foreground_inverse.xml  
build	Install Repo Tool, Magiskboot & unpack_bootimg	2026-10-05T19:12:01.0177742Z   inflating: /tmp/magisk_extracted/res/color/material_personalized_primary_inverse_text_disable_only.xml  
build	Install Repo Tool, Magiskboot & unpack_bootimg	2026-10-05T19:12:01.0179028Z   inflating: /tmp/magisk_extracted/res/color/material_personalized_primary_text_disable_only.xml  
build	Install Repo Tool, Magiskboot & unpack_bootimg	2026-10-05T19:12:01.0180113Z   inflating: /tmp/magisk_extracted/res/color/material_slider_active_tick_marks_color.xml  
build	Install Repo Tool, Magiskboot & unpack_bootimg	2026-10-05T19:12:01.0181340Z   inflating: /tmp/magisk_extracted/res/color/material_slider_active_track_color.xml  
build	Install Repo Tool, Magiskboot & unpack_bootimg	2026-10-05T19:12:01.0182253Z   inflating: /tmp/magisk_extracted/res/color/material_slider_halo_color.xml  
build	Install Repo Tool, Magiskboot & unpack_bootimg	2026-10-05T19:12:01.0183097Z   inflating: /tmp/magisk_extracted/res/color/material_slider_inactive_tick_marks_color.xml  
build	Install Repo Tool, Magiskboot & unpack_bootimg	2026-10-05T19:12:01.0184331Z   inflating: /tmp/magisk_extracted/res/color/material_slider_inactive_track_color.xml  
build	Install Repo Tool, Magiskboot & unpack_bootimg	2026-10-05T19:12:01.0185263Z   inflating: /tmp/magisk_extracted/res/color/material_slider_thumb_color.xml  
build	Install Repo Tool, Magiskboot & unpack_bootimg	2026-10-05T19:12:01.0186010Z   inflating: /tmp/magisk_extracted/res/color/material_timepicker_button_background.xml  
build	Install Repo Tool, Magiskboot & unpack_bootimg	2026-10-05T19:12:01.0186564Z   inflating: /tmp/magisk_extracted/res/color/material_timepicker_button_stroke.xml  
build	Install Repo Tool, Magiskboot & unpack_bootimg	2026-10-05T19:12:01.0187107Z   inflating: /tmp/magisk_extracted/res/color/material_timepicker_clock_text_color.xml  
build	Install Repo Tool, Magiskboot & unpack_bootimg	2026-10-05T19:12:01.0187631Z   inflating: /tmp/magisk_extracted/res/color/material_timepicker_clockface.xml  
build	Install Repo Tool, Magiskboot & unpack_bootimg	2026-10-05T19:12:01.0188171Z   inflating: /tmp/magisk_extracted/res/color/material_timepicker_modebutton_tint.xml  
build	Install Repo Tool, Magiskboot & unpack_bootimg	2026-10-05T19:12:01.0188681Z   inflating: /tmp/magisk_extracted/res/color/mtrl_btn_bg_color_selector.xml  
build	Install Repo Tool, Magiskboot & unpack_bootimg	2026-10-05T19:12:01.0189151Z   inflating: /tmp/magisk_extracted/res/color/mtrl_btn_ripple_color.xml  
build	Install Repo Tool, Magiskboot & unpack_bootimg	2026-10-05T19:12:01.0189632Z   inflating: /tmp/magisk_extracted/res/color/mtrl_btn_stroke_color_selector.xml  
build	Install Repo Tool, Magiskboot & unpack_bootimg	2026-10-05T19:12:01.0190153Z   inflating: /tmp/magisk_extracted/res/color/mtrl_btn_text_btn_bg_color_selector.xml  
build	Install Repo Tool, Magiskboot & unpack_bootimg	2026-10-05T19:12:01.0190674Z   inflating: /tmp/magisk_extracted/res/color/mtrl_btn_text_btn_ripple_color.xml  
build	Install Repo Tool, Magiskboot & unpack_bootimg	2026-10-05T19:12:01.0191201Z   inflating: /tmp/magisk_extracted/res/color/mtrl_btn_text_color_selector.xml  
build	Install Repo Tool, Magiskboot & unpack_bootimg	2026-10-05T19:12:01.0191719Z   inflating: /tmp/magisk_extracted/res/color/mtrl_calendar_item_stroke_color.xml  
build	Install Repo Tool, Magiskboot & unpack_bootimg	2026-10-05T19:12:01.0192219Z   inflating: /tmp/magisk_extracted/res/color/mtrl_calendar_selected_range.xml  
build	Install Repo Tool, Magiskboot & unpack_bootimg	2026-10-05T19:12:01.0192712Z   inflating: /tmp/magisk_extracted/res/color/mtrl_card_view_foreground.xml  
build	Install Repo Tool, Magiskboot & unpack_bootimg	2026-10-05T19:12:01.0193180Z   inflating: /tmp/magisk_extracted/res/color/mtrl_card_view_ripple.xml  
build	Install Repo Tool, Magiskboot & unpack_bootimg	2026-10-05T19:12:01.0193967Z   inflating: /tmp/magisk_extracted/res/color/mtrl_chip_background_color.xml  
build	Install Repo Tool, Magiskboot & unpack_bootimg	2026-10-05T19:12:01.0194846Z   inflating: /tmp/magisk_extracted/res/color/mtrl_chip_close_icon_tint.xml  
build	Install Repo Tool, Magiskboot & unpack_bootimg	2026-10-05T19:12:01.0195676Z   inflating: /tmp/magisk_extracted/res/color/mtrl_chip_surface_color.xml  
build	Install Repo Tool, Magiskboot & unpack_bootimg	2026-10-05T19:12:01.0196988Z   inflating: /tmp/magisk_extracted/res/color/mtrl_chip_text_color.xml  
build	Install Repo Tool, Magiskboot & unpack_bootimg	2026-10-05T19:12:01.0197852Z   inflating: /tmp/magisk_extracted/res/color/mtrl_choice_chip_background_color.xml  
build	Install Repo Tool, Magiskboot & unpack_bootimg	2026-10-05T19:12:01.0198773Z   inflating: /tmp/magisk_extracted/res/color/mtrl_choice_chip_ripple_color.xml  
build	Install Repo Tool, Magiskboot & unpack_bootimg	2026-10-05T19:12:01.0199653Z   inflating: /tmp/magisk_extracted/res/color/mtrl_choice_chip_text_color.xml  
build	Install Repo Tool, Magiskboot & unpack_bootimg	2026-10-05T19:12:01.0200423Z   inflating: /tmp/magisk_extracted/res/color/mtrl_error.xml  
build	Install Repo Tool, Magiskboot & unpack_bootimg	2026-10-05T19:12:01.0201187Z   inflating: /tmp/magisk_extracted/res/color/mtrl_fab_bg_color_selector.xml  
build	Install Repo Tool, Magiskboot & unpack_bootimg	2026-10-05T19:12:01.0202080Z   inflating: /tmp/magisk_extracted/res/color/mtrl_fab_icon_text_color_selector.xml  
build	Install Repo Tool, Magiskboot & unpack_bootimg	2026-10-05T19:12:01.0202982Z   inflating: /tmp/magisk_extracted/res/color/mtrl_fab_ripple_color.xml  
build	Install Repo Tool, Magiskboot & unpack_bootimg	2026-10-05T19:12:01.0204036Z   inflating: /tmp/magisk_extracted/res/color/mtrl_filled_background_color.xml  
build	Install Repo Tool, Magiskboot & unpack_bootimg	2026-10-05T19:12:01.0204876Z   inflating: /tmp/magisk_extracted/res/color/mtrl_filled_icon_tint.xml  
build	Install Repo Tool, Magiskboot & unpack_bootimg	2026-10-05T19:12:01.0205731Z   inflating: /tmp/magisk_extracted/res/color/mtrl_filled_stroke_color.xml  
build	Install Repo Tool, Magiskboot & unpack_bootimg	2026-10-05T19:12:01.0206577Z   inflating: /tmp/magisk_extracted/res/color/mtrl_indicator_text_color.xml  
build	Install Repo Tool, Magiskboot & unpack_bootimg	2026-10-05T19:12:01.0207480Z   inflating: /tmp/magisk_extracted/res/color/mtrl_navigation_bar_colored_item_tint.xml  
build	Install Repo Tool, Magiskboot & unpack_bootimg	2026-10-05T19:12:01.0208501Z   inflating: /tmp/magisk_extracted/res/color/mtrl_navigation_bar_colored_ripple_color.xml  
build	Install Repo Tool, Magiskboot & unpack_bootimg	2026-10-05T19:12:01.0209464Z   inflating: /tmp/magisk_extracted/res/color/mtrl_navigation_bar_item_tint.xml  
build	Install Repo Tool, Magiskboot & unpack_bootimg	2026-10-05T19:12:01.0210586Z   inflating: /tmp/magisk_extracted/res/color/mtrl_navigation_bar_ripple_color.xml  
build	Install Repo Tool, Magiskboot & unpack_bootimg	2026-10-05T19:12:01.0211542Z   inflating: /tmp/magisk_extracted/res/color/mtrl_navigation_item_background_color.xml  
build	Install Repo Tool, Magiskboot & unpack_bootimg	2026-10-05T19:12:01.0212483Z   inflating: /tmp/magisk_extracted/res/color/mtrl_navigation_item_icon_tint.xml  
build	Install Repo Tool, Magiskboot & unpack_bootimg	2026-10-05T19:12:01.0213389Z   inflating: /tmp/magisk_extracted/res/color/mtrl_navigation_item_text_color.xml  
build	Install Repo Tool, Magiskboot & unpack_bootimg	2026-10-05T19:12:01.0214596Z   inflating: /tmp/magisk_extracted/res/color/mtrl_on_primary_text_btn_text_color_selector.xml  
build	Install Repo Tool, Magiskboot & unpack_bootimg	2026-10-05T19:12:01.0215583Z   inflating: /tmp/magisk_extracted/res/color/mtrl_on_surface_ripple_color.xml  
build	Install Repo Tool, Magiskboot & unpack_bootimg	2026-10-05T19:12:01.0216446Z   inflating: /tmp/magisk_extracted/res/color/mtrl_outlined_icon_tint.xml  
build	Install Repo Tool, Magiskboot & unpack_bootimg	2026-10-05T19:12:01.0217292Z   inflating: /tmp/magisk_extracted/res/color/mtrl_outlined_stroke_color.xml  
build	Install Repo Tool, Magiskboot & unpack_bootimg	2026-10-05T19:12:01.0218162Z   inflating: /tmp/magisk_extracted/res/color/mtrl_popupmenu_overlay_color.xml  
build	Install Repo Tool, Magiskboot & unpack_bootimg	2026-10-05T19:12:01.0219094Z   inflating: /tmp/magisk_extracted/res/color/mtrl_switch_thumb_icon_tint.xml  
build	Install Repo Tool, Magiskboot & unpack_bootimg	2026-10-05T19:12:01.0219928Z   inflating: /tmp/magisk_extracted/res/color/mtrl_switch_thumb_tint.xml  
build	Install Repo Tool, Magiskboot & unpack_bootimg	2026-10-05T19:12:01.0220793Z   inflating: /tmp/magisk_extracted/res/color/mtrl_switch_track_decoration_tint.xml  
build	Install Repo Tool, Magiskboot & unpack_bootimg	2026-10-05T19:12:01.0221664Z   inflating: /tmp/magisk_extracted/res/color/mtrl_switch_track_tint.xml  
build	Install Repo Tool, Magiskboot & unpack_bootimg	2026-10-05T19:12:01.0222523Z   inflating: /tmp/magisk_extracted/res/color/mtrl_tabs_colored_ripple_color.xml  
build	Install Repo Tool, Magiskboot & unpack_bootimg	2026-10-05T19:12:01.0223457Z   inflating: /tmp/magisk_extracted/res/color/mtrl_tabs_icon_color_selector.xml  
build	Install Repo Tool, Magiskboot & unpack_bootimg	2026-10-05T19:12:01.0224645Z   inflating: /tmp/magisk_extracted/res/color/mtrl_tabs_icon_color_selector_colored.xml  
build	Install Repo Tool, Magiskboot & unpack_bootimg	2026-10-05T19:12:01.0225630Z   inflating: /tmp/magisk_extracted/res/color/mtrl_tabs_legacy_text_color_selector.xml  
build	Install Repo Tool, Magiskboot & unpack_bootimg	2026-10-05T19:12:01.0226523Z   inflating: /tmp/magisk_extracted/res/color/mtrl_tabs_ripple_color.xml  
build	Install Repo Tool, Magiskboot & unpack_bootimg	2026-10-05T19:12:01.0227394Z   inflating: /tmp/magisk_extracted/res/color/mtrl_text_btn_text_color_selector.xml  
build	Install Repo Tool, Magiskboot & unpack_bootimg	2026-10-05T19:12:01.0228289Z   inflating: /tmp/magisk_extracted/res/color/switch_thumb_material_dark.xml  
build	Install Repo Tool, Magiskboot & unpack_bootimg	2026-10-05T19:12:01.0229155Z   inflating: /tmp/magisk_extracted/res/color/switch_thumb_material_light.xml  
build	Install Repo Tool, Magiskboot & unpack_bootimg	2026-10-05T19:12:01.0229877Z   inflating: /tmp/magisk_extracted/res/cr.xml  
build	Install Repo Tool, Magiskboot & unpack_bootimg	2026-10-05T19:12:01.0230409Z   inflating: /tmp/magisk_extracted/res/cv.xml  
build	Install Repo Tool, Magiskboot & unpack_bootimg	2026-10-05T19:12:01.0231172Z   inflating: /tmp/magisk_extracted/res/cy.xml  
build	Install Repo Tool, Magiskboot & unpack_bootimg	2026-10-05T19:12:01.0231709Z   inflating: /tmp/magisk_extracted/res/d2.xml  
build	Install Repo Tool, Magiskboot & unpack_bootimg	2026-10-05T19:12:01.0232251Z  extracting: /tmp/magisk_extracted/res/d3.png  
build	Install Repo Tool, Magiskboot & unpack_bootimg	2026-10-05T19:12:01.0232806Z  extracting: /tmp/magisk_extracted/res/d5.9.png  
build	Install Repo Tool, Magiskboot & unpack_bootimg	2026-10-05T19:12:01.0233348Z   inflating: /tmp/magisk_extracted/res/dC.xml  
build	Install Repo Tool, Magiskboot & unpack_bootimg	2026-10-05T19:12:01.0234071Z   inflating: /tmp/magisk_extracted/res/dJ.xml  
build	Install Repo Tool, Magiskboot & unpack_bootimg	2026-10-05T19:12:01.0234642Z   inflating: /tmp/magisk_extracted/res/dK.xml  
build	Install Repo Tool, Magiskboot & unpack_bootimg	2026-10-05T19:12:01.0235185Z   inflating: /tmp/magisk_extracted/res/dO.xml  
build	Install Repo Tool, Magiskboot & unpack_bootimg	2026-10-05T19:12:01.0235710Z   inflating: /tmp/magisk_extracted/res/dS.xml  
build	Install Repo Tool, Magiskboot & unpack_bootimg	2026-10-05T19:12:01.0236236Z  extracting: /tmp/magisk_extracted/res/dW.png  
build	Install Repo Tool, Magiskboot & unpack_bootimg	2026-10-05T19:12:01.0236772Z  extracting: /tmp/magisk_extracted/res/dY.png  
build	Install Repo Tool, Magiskboot & unpack_bootimg	2026-10-05T19:12:01.0237297Z   inflating: /tmp/magisk_extracted/res/df.xml  
build	Install Repo Tool, Magiskboot & unpack_bootimg	2026-10-05T19:12:01.0237821Z   inflating: /tmp/magisk_extracted/res/dj.xml  
build	Install Repo Tool, Magiskboot & unpack_bootimg	2026-10-05T19:12:01.0238345Z   inflating: /tmp/magisk_extracted/res/dw.xml  
build	Install Repo Tool, Magiskboot & unpack_bootimg	2026-10-05T19:12:01.0238859Z   inflating: /tmp/magisk_extracted/res/e0.xml  
build	Install Repo Tool, Magiskboot & unpack_bootimg	2026-10-05T19:12:01.0239380Z   inflating: /tmp/magisk_extracted/res/e3.xml  
build	Install Repo Tool, Magiskboot & unpack_bootimg	2026-10-05T19:12:01.0239900Z   inflating: /tmp/magisk_extracted/res/eA.xml  
build	Install Repo Tool, Magiskboot & unpack_bootimg	2026-10-05T19:12:01.0240428Z   inflating: /tmp/magisk_extracted/res/eH.xml  
build	Install Repo Tool, Magiskboot & unpack_bootimg	2026-10-05T19:12:01.0240957Z   inflating: /tmp/magisk_extracted/res/eH1.xml  
build	Install Repo Tool, Magiskboot & unpack_bootimg	2026-10-05T19:12:01.0241496Z   inflating: /tmp/magisk_extracted/res/eK.xml  
build	Install Repo Tool, Magiskboot & unpack_bootimg	2026-10-05T19:12:01.0242234Z   inflating: /tmp/magisk_extracted/res/eK1.xml  
build	Install Repo Tool, Magiskboot & unpack_bootimg	2026-10-05T19:12:01.0242767Z   inflating: /tmp/magisk_extracted/res/eM.xml  
build	Install Repo Tool, Magiskboot & unpack_bootimg	2026-10-05T19:12:01.0243290Z  extracting: /tmp/magisk_extracted/res/eR.png  
build	Install Repo Tool, Magiskboot & unpack_bootimg	2026-10-05T19:12:01.0244039Z  extracting: /tmp/magisk_extracted/res/eT.9.png  
build	Install Repo Tool, Magiskboot & unpack_bootimg	2026-10-05T19:12:01.0244583Z   inflating: /tmp/magisk_extracted/res/eW.xml  
build	Install Repo Tool, Magiskboot & unpack_bootimg	2026-10-05T19:12:01.0245114Z   inflating: /tmp/magisk_extracted/res/eX.xml  
build	Install Repo Tool, Magiskboot & unpack_bootimg	2026-10-05T19:12:01.0245643Z   inflating: /tmp/magisk_extracted/res/eZ.xml  
build	Install Repo Tool, Magiskboot & unpack_bootimg	2026-10-05T19:12:01.0246184Z   inflating: /tmp/magisk_extracted/res/ec.xml  
build	Install Repo Tool, Magiskboot & unpack_bootimg	2026-10-05T19:12:01.0246727Z  extracting: /tmp/magisk_extracted/res/ej.9.png  
build	Install Repo Tool, Magiskboot & unpack_bootimg	2026-10-05T19:12:01.0247264Z   inflating: /tmp/magisk_extracted/res/ej.xml  
build	Install Repo Tool, Magiskboot & unpack_bootimg	2026-10-05T19:12:01.0247805Z  extracting: /tmp/magisk_extracted/res/ev.9.png  
build	Install Repo Tool, Magiskboot & unpack_bootimg	2026-10-05T19:12:01.0248357Z   inflating: /tmp/magisk_extracted/res/f6.xml  
build	Install Repo Tool, Magiskboot & unpack_bootimg	2026-10-05T19:12:01.0248897Z   inflating: /tmp/magisk_extracted/res/fI.xml  
build	Install Repo Tool, Magiskboot & unpack_bootimg	2026-10-05T19:12:01.0249430Z   inflating: /tmp/magisk_extracted/res/fK.xml  
build	Install Repo Tool, Magiskboot & unpack_bootimg	2026-10-05T19:12:01.0249966Z  extracting: /tmp/magisk_extracted/res/fM.9.png  
build	Install Repo Tool, Magiskboot & unpack_bootimg	2026-10-05T19:12:01.0250508Z   inflating: /tmp/magisk_extracted/res/fU.xml  
build	Install Repo Tool, Magiskboot & unpack_bootimg	2026-10-05T19:12:01.0251051Z   inflating: /tmp/magisk_extracted/res/fW.xml  
build	Install Repo Tool, Magiskboot & unpack_bootimg	2026-10-05T19:12:01.0251573Z   inflating: /tmp/magisk_extracted/res/f_.xml  
build	Install Repo Tool, Magiskboot & unpack_bootimg	2026-10-05T19:12:01.0252098Z   inflating: /tmp/magisk_extracted/res/fd.xml  
build	Install Repo Tool, Magiskboot & unpack_bootimg	2026-10-05T19:12:01.0252621Z   inflating: /tmp/magisk_extracted/res/fg.xml  
build	Install Repo Tool, Magiskboot & unpack_bootimg	2026-10-05T19:12:01.0253151Z   inflating: /tmp/magisk_extracted/res/fp.xml  
build	Install Repo Tool, Magiskboot & unpack_bootimg	2026-10-05T19:12:01.0253863Z   inflating: /tmp/magisk_extracted/res/fu.xml  
build	Install Repo Tool, Magiskboot & unpack_bootimg	2026-10-05T19:12:01.0254401Z  extracting: /tmp/magisk_extracted/res/g-.png  
build	Install Repo Tool, Magiskboot & unpack_bootimg	2026-10-05T19:12:01.0254972Z   inflating: /tmp/magisk_extracted/res/g2.xml  
build	Install Repo Tool, Magiskboot & unpack_bootimg	2026-10-05T19:12:01.0255497Z   inflating: /tmp/magisk_extracted/res/g3.xml  
build	Install Repo Tool, Magiskboot & unpack_bootimg	2026-10-05T19:12:01.0256024Z   inflating: /tmp/magisk_extracted/res/gC.xml  
build	Install Repo Tool, Magiskboot & unpack_bootimg	2026-10-05T19:12:01.0256541Z   inflating: /tmp/magisk_extracted/res/gD.xml  
build	Install Repo Tool, Magiskboot & unpack_bootimg	2026-10-05T19:12:01.0257072Z   inflating: /tmp/magisk_extracted/res/gG.xml  
build	Install Repo Tool, Magiskboot & unpack_bootimg	2026-10-05T19:12:01.0257605Z  extracting: /tmp/magisk_extracted/res/gK.9.png  
build	Install Repo Tool, Magiskboot & unpack_bootimg	2026-10-05T19:12:01.0258146Z   inflating: /tmp/magisk_extracted/res/gQ.xml  
build	Install Repo Tool, Magiskboot & unpack_bootimg	2026-10-05T19:12:01.0258668Z   inflating: /tmp/magisk_extracted/res/gR.xml  
build	Install Repo Tool, Magiskboot & unpack_bootimg	2026-10-05T19:12:01.0259186Z   inflating: /tmp/magisk_extracted/res/gV.xml  
build	Install Repo Tool, Magiskboot & unpack_bootimg	2026-10-05T19:12:01.0259721Z  extracting: /tmp/magisk_extracted/res/gZ.9.png  
build	Install Repo Tool, Magiskboot & unpack_bootimg	2026-10-05T19:12:01.0260475Z   inflating: /tmp/magisk_extracted/res/ga.xml  
build	Install Repo Tool, Magiskboot & unpack_bootimg	2026-10-05T19:12:01.0261032Z  extracting: /tmp/magisk_extracted/res/gj.9.png  
build	Install Repo Tool, Magiskboot & unpack_bootimg	2026-10-05T19:12:01.0261575Z  extracting: /tmp/magisk_extracted/res/gr.png  
build	Install Repo Tool, Magiskboot & unpack_bootimg	2026-10-05T19:12:01.0262125Z  extracting: /tmp/magisk_extracted/res/gt.9.png  
build	Install Repo Tool, Magiskboot & unpack_bootimg	2026-10-05T19:12:01.0262664Z   inflating: /tmp/magisk_extracted/res/gv.xml  
build	Install Repo Tool, Magiskboot & unpack_bootimg	2026-10-05T19:12:01.0263190Z   inflating: /tmp/magisk_extracted/res/h4.xml  
build	Install Repo Tool, Magiskboot & unpack_bootimg	2026-10-05T19:12:01.0263883Z   inflating: /tmp/magisk_extracted/res/h6.xml  
build	Install Repo Tool, Magiskboot & unpack_bootimg	2026-10-05T19:12:01.0264429Z  extracting: /tmp/magisk_extracted/res/h7.9.png  
build	Install Repo Tool, Magiskboot & unpack_bootimg	2026-10-05T19:12:01.0264971Z   inflating: /tmp/magisk_extracted/res/h8.xml  
build	Install Repo Tool, Magiskboot & unpack_bootimg	2026-10-05T19:12:01.0265499Z   inflating: /tmp/magisk_extracted/res/h9.xml  
build	Install Repo Tool, Magiskboot & unpack_bootimg	2026-10-05T19:12:01.0266031Z   inflating: /tmp/magisk_extracted/res/hC.xml  
build	Install Repo Tool, Magiskboot & unpack_bootimg	2026-10-05T19:12:01.0266569Z   inflating: /tmp/magisk_extracted/res/hP.xml  
build	Install Repo Tool, Magiskboot & unpack_bootimg	2026-10-05T19:12:01.0267108Z   inflating: /tmp/magisk_extracted/res/hP1.xml  
build	Install Repo Tool, Magiskboot & unpack_bootimg	2026-10-05T19:12:01.0267659Z   inflating: /tmp/magisk_extracted/res/hP2.xml  
build	Install Repo Tool, Magiskboot & unpack_bootimg	2026-10-05T19:12:01.0268195Z   inflating: /tmp/magisk_extracted/res/hQ.xml  
build	Install Repo Tool, Magiskboot & unpack_bootimg	2026-10-05T19:12:01.0268719Z   inflating: /tmp/magisk_extracted/res/hS.xml  
build	Install Repo Tool, Magiskboot & unpack_bootimg	2026-10-05T19:12:01.0269243Z   inflating: /tmp/magisk_extracted/res/hU.xml  
build	Install Repo Tool, Magiskboot & unpack_bootimg	2026-10-05T19:12:01.0269790Z  extracting: /tmp/magisk_extracted/res/hZ.9.png  
build	Install Repo Tool, Magiskboot & unpack_bootimg	2026-10-05T19:12:01.0270330Z   inflating: /tmp/magisk_extracted/res/hb.xml  
build	Install Repo Tool, Magiskboot & unpack_bootimg	2026-10-05T19:12:01.0270860Z   inflating: /tmp/magisk_extracted/res/hc.xml  
build	Install Repo Tool, Magiskboot & unpack_bootimg	2026-10-05T19:12:01.0271606Z   inflating: /tmp/magisk_extracted/res/hf.xml  
build	Install Repo Tool, Magiskboot & unpack_bootimg	2026-10-05T19:12:01.0272143Z  extracting: /tmp/magisk_extracted/res/hh.9.png  
build	Install Repo Tool, Magiskboot & unpack_bootimg	2026-10-05T19:12:01.0272687Z   inflating: /tmp/magisk_extracted/res/hq.xml  
build	Install Repo Tool, Magiskboot & unpack_bootimg	2026-10-05T19:12:01.0273337Z   inflating: /tmp/magisk_extracted/res/hu.xml  
build	Install Repo Tool, Magiskboot & unpack_bootimg	2026-10-05T19:12:01.0274640Z   inflating: /tmp/magisk_extracted/res/hv.xml  
build	Install Repo Tool, Magiskboot & unpack_bootimg	2026-10-05T19:12:01.0275587Z   inflating: /tmp/magisk_extracted/res/hw.xml  
build	Install Repo Tool, Magiskboot & unpack_bootimg	2026-10-05T19:12:01.0276653Z   inflating: /tmp/magisk_extracted/res/hx.xml  
build	Install Repo Tool, Magiskboot & unpack_bootimg	2026-10-05T19:12:01.0277698Z   inflating: /tmp/magisk_extracted/res/hy.xml  
build	Install Repo Tool, Magiskboot & unpack_bootimg	2026-10-05T19:12:01.0278625Z   inflating: /tmp/magisk_extracted/res/i3.xml  
build	Install Repo Tool, Magiskboot & unpack_bootimg	2026-10-05T19:12:01.0279477Z  extracting: /tmp/magisk_extracted/res/i6.9.png  
build	Install Repo Tool, Magiskboot & unpack_bootimg	2026-10-05T19:12:01.0280470Z   inflating: /tmp/magisk_extracted/res/iC.xml  
build	Install Repo Tool, Magiskboot & unpack_bootimg	2026-10-05T19:12:01.0281402Z   inflating: /tmp/magisk_extracted/res/iI.xml  
build	Install Repo Tool, Magiskboot & unpack_bootimg	2026-10-05T19:12:01.0282291Z  extracting: /tmp/magisk_extracted/res/iO.png  
build	Install Repo Tool, Magiskboot & unpack_bootimg	2026-10-05T19:12:01.0283253Z   inflating: /tmp/magisk_extracted/res/iQ.xml  
build	Install Repo Tool, Magiskboot & unpack_bootimg	2026-10-05T19:12:01.0284396Z  extracting: /tmp/magisk_extracted/res/iR.9.png  
build	Install Repo Tool, Magiskboot & unpack_bootimg	2026-10-05T19:12:01.0285255Z   inflating: /tmp/magisk_extracted/res/iZ.xml  
build	Install Repo Tool, Magiskboot & unpack_bootimg	2026-10-05T19:12:01.0286279Z   inflating: /tmp/magisk_extracted/res/iZ1.xml  
build	Install Repo Tool, Magiskboot & unpack_bootimg	2026-10-05T19:12:01.0287273Z   inflating: /tmp/magisk_extracted/res/iZ2.xml  
build	Install Repo Tool, Magiskboot & unpack_bootimg	2026-10-05T19:12:01.0288101Z   inflating: /tmp/magisk_extracted/res/iZ3.xml  
build	Install Repo Tool, Magiskboot & unpack_bootimg	2026-10-05T19:12:01.0288990Z   inflating: /tmp/magisk_extracted/res/ii.xml  
build	Install Repo Tool, Magiskboot & unpack_bootimg	2026-10-05T19:12:01.0289914Z  extracting: /tmp/magisk_extracted/res/io.9.png  
build	Install Repo Tool, Magiskboot & unpack_bootimg	2026-10-05T19:12:01.0291106Z   inflating: /tmp/magisk_extracted/res/it.xml  
build	Install Repo Tool, Magiskboot & unpack_bootimg	2026-10-05T19:12:01.0291981Z   inflating: /tmp/magisk_extracted/res/j3.xml  
build	Install Repo Tool, Magiskboot & unpack_bootimg	2026-10-05T19:12:01.0292839Z  extracting: /tmp/magisk_extracted/res/j4.png  
build	Install Repo Tool, Magiskboot & unpack_bootimg	2026-10-05T19:12:01.0294122Z   inflating: /tmp/magisk_extracted/res/jA.xml  
build	Install Repo Tool, Magiskboot & unpack_bootimg	2026-10-05T19:12:01.0295043Z   inflating: /tmp/magisk_extracted/res/jB.xml  
build	Install Repo Tool, Magiskboot & unpack_bootimg	2026-10-05T19:12:01.0295942Z  extracting: /tmp/magisk_extracted/res/jS.9.png  
build	Install Repo Tool, Magiskboot & unpack_bootimg	2026-10-05T19:12:01.0296810Z  extracting: /tmp/magisk_extracted/res/jS1.9.png  
build	Install Repo Tool, Magiskboot & unpack_bootimg	2026-10-05T19:12:01.0297749Z  extracting: /tmp/magisk_extracted/res/jW.png  
build	Install Repo Tool, Magiskboot & unpack_bootimg	2026-10-05T19:12:01.0298960Z   inflating: /tmp/magisk_extracted/res/jb.xml  
build	Install Repo Tool, Magiskboot & unpack_bootimg	2026-10-05T19:12:01.0299767Z  extracting: /tmp/magisk_extracted/res/je.9.png  
build	Install Repo Tool, Magiskboot & unpack_bootimg	2026-10-05T19:12:01.0300725Z   inflating: /tmp/magisk_extracted/res/jo.xml  
build	Install Repo Tool, Magiskboot & unpack_bootimg	2026-10-05T19:12:01.0301737Z   inflating: /tmp/magisk_extracted/res/jq.xml  
build	Install Repo Tool, Magiskboot & unpack_bootimg	2026-10-05T19:12:01.0302852Z   inflating: /tmp/magisk_extracted/res/k0.xml  
build	Install Repo Tool, Magiskboot & unpack_bootimg	2026-10-05T19:12:01.0303994Z   inflating: /tmp/magisk_extracted/res/k8.xml  
build	Install Repo Tool, Magiskboot & unpack_bootimg	2026-10-05T19:12:01.0305049Z   inflating: /tmp/magisk_extracted/res/k9.xml  
build	Install Repo Tool, Magiskboot & unpack_bootimg	2026-10-05T19:12:01.0305900Z  extracting: /tmp/magisk_extracted/res/kJ.9.png  
build	Install Repo Tool, Magiskboot & unpack_bootimg	2026-10-05T19:12:01.0306829Z   inflating: /tmp/magisk_extracted/res/kN.xml  
build	Install Repo Tool, Magiskboot & unpack_bootimg	2026-10-05T19:12:01.0307712Z  extracting: /tmp/magisk_extracted/res/kS.png  
build	Install Repo Tool, Magiskboot & unpack_bootimg	2026-10-05T19:12:01.0308663Z   inflating: /tmp/magisk_extracted/res/kU.xml  
build	Install Repo Tool, Magiskboot & unpack_bootimg	2026-10-05T19:12:01.0309666Z   inflating: /tmp/magisk_extracted/res/kX.xml  
build	Install Repo Tool, Magiskboot & unpack_bootimg	2026-10-05T19:12:01.0310593Z   inflating: /tmp/magisk_extracted/res/k_.xml  
build	Install Repo Tool, Magiskboot & unpack_bootimg	2026-10-05T19:12:01.0311595Z   inflating: /tmp/magisk_extracted/res/kg.xml  
build	Install Repo Tool, Magiskboot & unpack_bootimg	2026-10-05T19:12:01.0312591Z   inflating: /tmp/magisk_extracted/res/kh.xml  
build	Install Repo Tool, Magiskboot & unpack_bootimg	2026-10-05T19:12:01.0313992Z   inflating: /tmp/magisk_extracted/res/kj.xml  
build	Install Repo Tool, Magiskboot & unpack_bootimg	2026-10-05T19:12:01.0314875Z   inflating: /tmp/magisk_extracted/res/kn.xml  
build	Install Repo Tool, Magiskboot & unpack_bootimg	2026-10-05T19:12:01.0315880Z  extracting: /tmp/magisk_extracted/res/kp.png  
build	Install Repo Tool, Magiskboot & unpack_bootimg	2026-10-05T19:12:01.0316759Z   inflating: /tmp/magisk_extracted/res/lE.xml  
build	Install Repo Tool, Magiskboot & unpack_bootimg	2026-10-05T19:12:01.0317943Z   inflating: /tmp/magisk_extracted/res/lH.xml  
build	Install Repo Tool, Magiskboot & unpack_bootimg	2026-10-05T19:12:01.0318781Z   inflating: /tmp/magisk_extracted/res/lN.xml  
build	Install Repo Tool, Magiskboot & unpack_bootimg	2026-10-05T19:12:01.0319664Z  extracting: /tmp/magisk_extracted/res/lP.9.png  
build	Install Repo Tool, Magiskboot & unpack_bootimg	2026-10-05T19:12:01.0320579Z   inflating: /tmp/magisk_extracted/res/lR.xml  
build	Install Repo Tool, Magiskboot & unpack_bootimg	2026-10-05T19:12:01.0321812Z   inflating: /tmp/magisk_extracted/res/lR1.xml  
build	Install Repo Tool, Magiskboot & unpack_bootimg	2026-10-05T19:12:01.0323145Z   inflating: /tmp/magisk_extracted/res/lV.xml  
build	Install Repo Tool, Magiskboot & unpack_bootimg	2026-10-05T19:12:01.0324392Z   inflating: /tmp/magisk_extracted/res/lW.xml  
build	Install Repo Tool, Magiskboot & unpack_bootimg	2026-10-05T19:12:01.0325437Z   inflating: /tmp/magisk_extracted/res/l_.xml  
build	Install Repo Tool, Magiskboot & unpack_bootimg	2026-10-05T19:12:01.0326699Z   inflating: /tmp/magisk_extracted/res/lb.xml  
build	Install Repo Tool, Magiskboot & unpack_bootimg	2026-10-05T19:12:01.0327506Z   inflating: /tmp/magisk_extracted/res/lv.xml  
build	Install Repo Tool, Magiskboot & unpack_bootimg	2026-10-05T19:12:01.0328380Z  extracting: /tmp/magisk_extracted/res/ly.png  
build	Install Repo Tool, Magiskboot & unpack_bootimg	2026-10-05T19:12:01.0329348Z   inflating: /tmp/magisk_extracted/res/lz.xml  
build	Install Repo Tool, Magiskboot & unpack_bootimg	2026-10-05T19:12:01.0330234Z  extracting: /tmp/magisk_extracted/res/m0.png  
build	Install Repo Tool, Magiskboot & unpack_bootimg	2026-10-05T19:12:01.0331250Z   inflating: /tmp/magisk_extracted/res/mA.xml  
build	Install Repo Tool, Magiskboot & unpack_bootimg	2026-10-05T19:12:01.0332446Z   inflating: /tmp/magisk_extracted/res/mA1.xml  
build	Install Repo Tool, Magiskboot & unpack_bootimg	2026-10-05T19:12:01.0333365Z   inflating: /tmp/magisk_extracted/res/md.xml  
build	Install Repo Tool, Magiskboot & unpack_bootimg	2026-10-05T19:12:01.0334866Z   inflating: /tmp/magisk_extracted/res/mi.xml  
build	Install Repo Tool, Magiskboot & unpack_bootimg	2026-10-05T19:12:01.0335730Z  extracting: /tmp/magisk_extracted/res/mm.9.png  
build	Install Repo Tool, Magiskboot & unpack_bootimg	2026-10-05T19:12:01.0336645Z   inflating: /tmp/magisk_extracted/res/mt.xml  
build	Install Repo Tool, Magiskboot & unpack_bootimg	2026-10-05T19:12:01.0337916Z   inflating: /tmp/magisk_extracted/res/mw.xml  
build	Install Repo Tool, Magiskboot & unpack_bootimg	2026-10-05T19:12:01.0338814Z   inflating: /tmp/magisk_extracted/res/mw1.xml  
build	Install Repo Tool, Magiskboot & unpack_bootimg	2026-10-05T19:12:01.0339767Z   inflating: /tmp/magisk_extracted/res/n0.xml  
build	Install Repo Tool, Magiskboot & unpack_bootimg	2026-10-05T19:12:01.0340715Z   inflating: /tmp/magisk_extracted/res/n3.xml  
build	Install Repo Tool, Magiskboot & unpack_bootimg	2026-10-05T19:12:01.0341604Z  extracting: /tmp/magisk_extracted/res/nI.9.png  
build	Install Repo Tool, Magiskboot & unpack_bootimg	2026-10-05T19:12:01.0342473Z   inflating: /tmp/magisk_extracted/res/nL.xml  
build	Install Repo Tool, Magiskboot & unpack_bootimg	2026-10-05T19:12:01.0343765Z   inflating: /tmp/magisk_extracted/res/nP.xml  
build	Install Repo Tool, Magiskboot & unpack_bootimg	2026-10-05T19:12:01.0344805Z   inflating: /tmp/magisk_extracted/res/nT.xml  
build	Install Repo Tool, Magiskboot & unpack_bootimg	2026-10-05T19:12:01.0345816Z   inflating: /tmp/magisk_extracted/res/nX.xml  
build	Install Repo Tool, Magiskboot & unpack_bootimg	2026-10-05T19:12:01.0346724Z  extracting: /tmp/magisk_extracted/res/nf.png  
build	Install Repo Tool, Magiskboot & unpack_bootimg	2026-10-05T19:12:01.0347902Z   inflating: /tmp/magisk_extracted/res/ng.xml  
build	Install Repo Tool, Magiskboot & unpack_bootimg	2026-10-05T19:12:01.0348868Z   inflating: /tmp/magisk_extracted/res/nl.xml  
build	Install Repo Tool, Magiskboot & unpack_bootimg	2026-10-05T19:12:01.0349855Z   inflating: /tmp/magisk_extracted/res/nm.xml  
build	Install Repo Tool, Magiskboot & unpack_bootimg	2026-10-05T19:12:01.0350791Z   inflating: /tmp/magisk_extracted/res/no.xml  
build	Install Repo Tool, Magiskboot & unpack_bootimg	2026-10-05T19:12:01.0351782Z   inflating: /tmp/magisk_extracted/res/ns.xml  
build	Install Repo Tool, Magiskboot & unpack_bootimg	2026-10-05T19:12:01.0352896Z   inflating: /tmp/magisk_extracted/res/nu.xml  
build	Install Repo Tool, Magiskboot & unpack_bootimg	2026-10-05T19:12:01.0354348Z   inflating: /tmp/magisk_extracted/res/nw.xml  
build	Install Repo Tool, Magiskboot & unpack_bootimg	2026-10-05T19:12:01.0355187Z   inflating: /tmp/magisk_extracted/res/nz.xml  
build	Install Repo Tool, Magiskboot & unpack_bootimg	2026-10-05T19:12:01.0356065Z  extracting: /tmp/magisk_extracted/res/o9.9.png  
build	Install Repo Tool, Magiskboot & unpack_bootimg	2026-10-05T19:12:01.0357040Z   inflating: /tmp/magisk_extracted/res/oP.xml  
build	Install Repo Tool, Magiskboot & unpack_bootimg	2026-10-05T19:12:01.0358061Z   inflating: /tmp/magisk_extracted/res/oY.xml  
build	Install Repo Tool, Magiskboot & unpack_bootimg	2026-10-05T19:12:01.0358913Z  extracting: /tmp/magisk_extracted/res/o_.9.png  
build	Install Repo Tool, Magiskboot & unpack_bootimg	2026-10-05T19:12:01.0359790Z  extracting: /tmp/magisk_extracted/res/o_.png  
build	Install Repo Tool, Magiskboot & unpack_bootimg	2026-10-05T19:12:01.0360748Z   inflating: /tmp/magisk_extracted/res/oa.xml  
build	Install Repo Tool, Magiskboot & unpack_bootimg	2026-10-05T19:12:01.0361716Z   inflating: /tmp/magisk_extracted/res/ol.xml  
build	Install Repo Tool, Magiskboot & unpack_bootimg	2026-10-05T19:12:01.0362625Z  extracting: /tmp/magisk_extracted/res/op.9.png  
build	Install Repo Tool, Magiskboot & unpack_bootimg	2026-10-05T19:12:01.0364337Z   inflating: /tmp/magisk_extracted/res/oq.xml  
build	Install Repo Tool, Magiskboot & unpack_bootimg	2026-10-05T19:12:01.0365219Z   inflating: /tmp/magisk_extracted/res/ot.xml  
build	Install Repo Tool, Magiskboot & unpack_bootimg	2026-10-05T19:12:01.0366393Z   inflating: /tmp/magisk_extracted/res/p0.xml  
build	Install Repo Tool, Magiskboot & unpack_bootimg	2026-10-05T19:12:01.0367277Z   inflating: /tmp/magisk_extracted/res/p01.xml  
build	Install Repo Tool, Magiskboot & unpack_bootimg	2026-10-05T19:12:01.0368164Z  extracting: /tmp/magisk_extracted/res/p8.png  
build	Install Repo Tool, Magiskboot & unpack_bootimg	2026-10-05T19:12:01.0369592Z   inflating: /tmp/magisk_extracted/res/p9.sh  
build	Install Repo Tool, Magiskboot & unpack_bootimg	2026-10-05T19:12:01.0370507Z   inflating: /tmp/magisk_extracted/res/pF.xml  
build	Install Repo Tool, Magiskboot & unpack_bootimg	2026-10-05T19:12:01.0371515Z   inflating: /tmp/magisk_extracted/res/pF1.xml  
build	Install Repo Tool, Magiskboot & unpack_bootimg	2026-10-05T19:12:01.0372411Z   inflating: /tmp/magisk_extracted/res/pF2.xml  
build	Install Repo Tool, Magiskboot & unpack_bootimg	2026-10-05T19:12:01.0373324Z   inflating: /tmp/magisk_extracted/res/pT.xml  
build	Install Repo Tool, Magiskboot & unpack_bootimg	2026-10-05T19:12:01.0374530Z   inflating: /tmp/magisk_extracted/res/pU.xml  
build	Install Repo Tool, Magiskboot & unpack_bootimg	2026-10-05T19:12:01.0375439Z  extracting: /tmp/magisk_extracted/res/pY.png  
build	Install Repo Tool, Magiskboot & unpack_bootimg	2026-10-05T19:12:01.0376310Z  extracting: /tmp/magisk_extracted/res/pk.png  
build	Install Repo Tool, Magiskboot & unpack_bootimg	2026-10-05T19:12:01.0377522Z   inflating: /tmp/magisk_extracted/res/pm.xml  
build	Install Repo Tool, Magiskboot & unpack_bootimg	2026-10-05T19:12:01.0378368Z   inflating: /tmp/magisk_extracted/res/pn.xml  
build	Install Repo Tool, Magiskboot & unpack_bootimg	2026-10-05T19:12:01.0379259Z  extracting: /tmp/magisk_extracted/res/ps.9.png  
build	Install Repo Tool, Magiskboot & unpack_bootimg	2026-10-05T19:12:01.0380234Z  extracting: /tmp/magisk_extracted/res/pu.png  
build	Install Repo Tool, Magiskboot & unpack_bootimg	2026-10-05T19:12:01.0381378Z   inflating: /tmp/magisk_extracted/res/pw.xml  
build	Install Repo Tool, Magiskboot & unpack_bootimg	2026-10-05T19:12:01.0382170Z  extracting: /tmp/magisk_extracted/res/py.9.png  
build	Install Repo Tool, Magiskboot & unpack_bootimg	2026-10-05T19:12:01.0383266Z   inflating: /tmp/magisk_extracted/res/q6.xml  
build	Install Repo Tool, Magiskboot & unpack_bootimg	2026-10-05T19:12:01.0384445Z   inflating: /tmp/magisk_extracted/res/qA.xml  
build	Install Repo Tool, Magiskboot & unpack_bootimg	2026-10-05T19:12:01.0385450Z  extracting: /tmp/magisk_extracted/res/qD.9.png  
build	Install Repo Tool, Magiskboot & unpack_bootimg	2026-10-05T19:12:01.0386407Z   inflating: /tmp/magisk_extracted/res/qG.xml  
build	Install Repo Tool, Magiskboot & unpack_bootimg	2026-10-05T19:12:01.0387322Z   inflating: /tmp/magisk_extracted/res/qT.xml  
build	Install Repo Tool, Magiskboot & unpack_bootimg	2026-10-05T19:12:01.0388579Z   inflating: /tmp/magisk_extracted/res/qc.xml  
build	Install Repo Tool, Magiskboot & unpack_bootimg	2026-10-05T19:12:01.0389411Z  extracting: /tmp/magisk_extracted/res/qp.png  
build	Install Repo Tool, Magiskboot & unpack_bootimg	2026-10-05T19:12:01.0390354Z   inflating: /tmp/magisk_extracted/res/qr.xml  
build	Install Repo Tool, Magiskboot & unpack_bootimg	2026-10-05T19:12:01.0391546Z   inflating: /tmp/magisk_extracted/res/qx.xml  
build	Install Repo Tool, Magiskboot & unpack_bootimg	2026-10-05T19:12:01.0392471Z   inflating: /tmp/magisk_extracted/res/qz.xml  
build	Install Repo Tool, Magiskboot & unpack_bootimg	2026-10-05T19:12:01.0393752Z   inflating: /tmp/magisk_extracted/res/rI.xml  
build	Install Repo Tool, Magiskboot & unpack_bootimg	2026-10-05T19:12:01.0394729Z   inflating: /tmp/magisk_extracted/res/rJ.xml  
build	Install Repo Tool, Magiskboot & unpack_bootimg	2026-10-05T19:12:01.0395611Z   inflating: /tmp/magisk_extracted/res/rL.xml  
build	Install Repo Tool, Magiskboot & unpack_bootimg	2026-10-05T19:12:01.0396603Z   inflating: /tmp/magisk_extracted/res/rW.xml  
build	Install Repo Tool, Magiskboot & unpack_bootimg	2026-10-05T19:12:01.0397570Z   inflating: /tmp/magisk_extracted/res/rY.xml  
build	Install Repo Tool, Magiskboot & unpack_bootimg	2026-10-05T19:12:01.0398448Z   inflating: /tmp/magisk_extracted/res/rb.xml  
build	Install Repo Tool, Magiskboot & unpack_bootimg	2026-10-05T19:12:01.0399523Z   inflating: /tmp/magisk_extracted/res/rd.xml  
build	Install Repo Tool, Magiskboot & unpack_bootimg	2026-10-05T19:12:01.0400400Z  extracting: /tmp/magisk_extracted/res/rj.9.png  
build	Install Repo Tool, Magiskboot & unpack_bootimg	2026-10-05T19:12:01.0401459Z   inflating: /tmp/magisk_extracted/res/rl.xml  
build	Install Repo Tool, Magiskboot & unpack_bootimg	2026-10-05T19:12:01.0402417Z   inflating: /tmp/magisk_extracted/res/rx.xml  
build	Install Repo Tool, Magiskboot & unpack_bootimg	2026-10-05T19:12:01.0403428Z   inflating: /tmp/magisk_extracted/res/rz.xml  
build	Install Repo Tool, Magiskboot & unpack_bootimg	2026-10-05T19:12:01.0405415Z  extracting: /tmp/magisk_extracted/res/s0.png  
build	Install Repo Tool, Magiskboot & unpack_bootimg	2026-10-05T19:12:01.0406574Z   inflating: /tmp/magisk_extracted/res/s2.xml  
build	Install Repo Tool, Magiskboot & unpack_bootimg	2026-10-05T19:12:01.0407439Z  extracting: /tmp/magisk_extracted/res/s3.9.png  
build	Install Repo Tool, Magiskboot & unpack_bootimg	2026-10-05T19:12:01.0408367Z  extracting: /tmp/magisk_extracted/res/s4.png  
build	Install Repo Tool, Magiskboot & unpack_bootimg	2026-10-05T19:12:01.0409256Z  extracting: /tmp/magisk_extracted/res/sA.9.png  
build	Install Repo Tool, Magiskboot & unpack_bootimg	2026-10-05T19:12:01.0410206Z   inflating: /tmp/magisk_extracted/res/sA.xml  
build	Install Repo Tool, Magiskboot & unpack_bootimg	2026-10-05T19:12:01.0411207Z   inflating: /tmp/magisk_extracted/res/sN.xml  
build	Install Repo Tool, Magiskboot & unpack_bootimg	2026-10-05T19:12:01.0412181Z   inflating: /tmp/magisk_extracted/res/sO.xml  
build	Install Repo Tool, Magiskboot & unpack_bootimg	2026-10-05T19:12:01.0413062Z   inflating: /tmp/magisk_extracted/res/sS.xml  
build	Install Repo Tool, Magiskboot & unpack_bootimg	2026-10-05T19:12:01.0414528Z   inflating: /tmp/magisk_extracted/res/sX.xml  
build	Install Repo Tool, Magiskboot & unpack_bootimg	2026-10-05T19:12:01.0415266Z  extracting: /tmp/magisk_extracted/res/sg.9.png  
build	Install Repo Tool, Magiskboot & unpack_bootimg	2026-10-05T19:12:01.0416436Z   inflating: /tmp/magisk_extracted/res/sl.xml  
build	Install Repo Tool, Magiskboot & unpack_bootimg	2026-10-05T19:12:01.0417339Z   inflating: /tmp/magisk_extracted/res/sn.xml  
build	Install Repo Tool, Magiskboot & unpack_bootimg	2026-10-05T19:12:01.0418316Z   inflating: /tmp/magisk_extracted/res/t8.xml  
build	Install Repo Tool, Magiskboot & unpack_bootimg	2026-10-05T19:12:01.0419219Z  extracting: /tmp/magisk_extracted/res/tG.png  
build	Install Repo Tool, Magiskboot & unpack_bootimg	2026-10-05T19:12:01.0420437Z   inflating: /tmp/magisk_extracted/res/tG.xml  
build	Install Repo Tool, Magiskboot & unpack_bootimg	2026-10-05T19:12:01.0421361Z   inflating: /tmp/magisk_extracted/res/tI.xml  
build	Install Repo Tool, Magiskboot & unpack_bootimg	2026-10-05T19:12:01.0422334Z   inflating: /tmp/magisk_extracted/res/tL.xml  
build	Install Repo Tool, Magiskboot & unpack_bootimg	2026-10-05T19:12:01.0423511Z   inflating: /tmp/magisk_extracted/res/tL1.xml  
build	Install Repo Tool, Magiskboot & unpack_bootimg	2026-10-05T19:12:01.0424635Z  extracting: /tmp/magisk_extracted/res/tS.png  
build	Install Repo Tool, Magiskboot & unpack_bootimg	2026-10-05T19:12:01.0425627Z   inflating: /tmp/magisk_extracted/res/tS.xml  
build	Install Repo Tool, Magiskboot & unpack_bootimg	2026-10-05T19:12:01.0426811Z   inflating: /tmp/magisk_extracted/res/tT.xml  
build	Install Repo Tool, Magiskboot & unpack_bootimg	2026-10-05T19:12:01.0427641Z  extracting: /tmp/magisk_extracted/res/tU.9.png  
build	Install Repo Tool, Magiskboot & unpack_bootimg	2026-10-05T19:12:01.0428504Z  extracting: /tmp/magisk_extracted/res/tZ.9.png  
build	Install Repo Tool, Magiskboot & unpack_bootimg	2026-10-05T19:12:01.0429492Z   inflating: /tmp/magisk_extracted/res/tc.xml  
build	Install Repo Tool, Magiskboot & unpack_bootimg	2026-10-05T19:12:01.0430397Z  extracting: /tmp/magisk_extracted/res/td.png  
build	Install Repo Tool, Magiskboot & unpack_bootimg	2026-10-05T19:12:01.0431298Z  extracting: /tmp/magisk_extracted/res/te.png  
build	Install Repo Tool, Magiskboot & unpack_bootimg	2026-10-05T19:12:01.0432402Z   inflating: /tmp/magisk_extracted/res/te.xml  
build	Install Repo Tool, Magiskboot & unpack_bootimg	2026-10-05T19:12:01.0433257Z   inflating: /tmp/magisk_extracted/res/to.xml  
build	Install Repo Tool, Magiskboot & unpack_bootimg	2026-10-05T19:12:01.0434547Z   inflating: /tmp/magisk_extracted/res/tp.xml  
build	Install Repo Tool, Magiskboot & unpack_bootimg	2026-10-05T19:12:01.0435733Z   inflating: /tmp/magisk_extracted/res/u0.xml  
build	Install Repo Tool, Magiskboot & unpack_bootimg	2026-10-05T19:12:01.0436591Z  extracting: /tmp/magisk_extracted/res/u3.png  
build	Install Repo Tool, Magiskboot & unpack_bootimg	2026-10-05T19:12:01.0437635Z   inflating: /tmp/magisk_extracted/res/uJ.xml  
build	Install Repo Tool, Magiskboot & unpack_bootimg	2026-10-05T19:12:01.0438521Z  extracting: /tmp/magisk_extracted/res/uL.9.png  
build	Install Repo Tool, Magiskboot & unpack_bootimg	2026-10-05T19:12:01.0439631Z   inflating: /tmp/magisk_extracted/res/uR.xml  
build	Install Repo Tool, Magiskboot & unpack_bootimg	2026-10-05T19:12:01.0440554Z   inflating: /tmp/magisk_extracted/res/ua.xml  
build	Install Repo Tool, Magiskboot & unpack_bootimg	2026-10-05T19:12:01.0441526Z   inflating: /tmp/magisk_extracted/res/ui.xml  
build	Install Repo Tool, Magiskboot & unpack_bootimg	2026-10-05T19:12:01.0442397Z  extracting: /tmp/magisk_extracted/res/uj.9.png  
build	Install Repo Tool, Magiskboot & unpack_bootimg	2026-10-05T19:12:01.0443290Z  extracting: /tmp/magisk_extracted/res/ut.9.png  
build	Install Repo Tool, Magiskboot & unpack_bootimg	2026-10-05T19:12:01.0444392Z  extracting: /tmp/magisk_extracted/res/uu.9.png  
build	Install Repo Tool, Magiskboot & unpack_bootimg	2026-10-05T19:12:01.0445591Z   inflating: /tmp/magisk_extracted/res/v-.xml  
build	Install Repo Tool, Magiskboot & unpack_bootimg	2026-10-05T19:12:01.0446422Z  extracting: /tmp/magisk_extracted/res/v4.9.png  
build	Install Repo Tool, Magiskboot & unpack_bootimg	2026-10-05T19:12:01.0447390Z   inflating: /tmp/magisk_extracted/res/vA.xml  
build	Install Repo Tool, Magiskboot & unpack_bootimg	2026-10-05T19:12:01.0448543Z   inflating: /tmp/magisk_extracted/res/vB.xml  
build	Install Repo Tool, Magiskboot & unpack_bootimg	2026-10-05T19:12:01.0449508Z   inflating: /tmp/magisk_extracted/res/vG.xml  
build	Install Repo Tool, Magiskboot & unpack_bootimg	2026-10-05T19:12:01.0450461Z   inflating: /tmp/magisk_extracted/res/vH.xml  
build	Install Repo Tool, Magiskboot & unpack_bootimg	2026-10-05T19:12:01.0451434Z   inflating: /tmp/magisk_extracted/res/vJ.xml  
build	Install Repo Tool, Magiskboot & unpack_bootimg	2026-10-05T19:12:01.0452351Z  extracting: /tmp/magisk_extracted/res/vL.9.png  
build	Install Repo Tool, Magiskboot & unpack_bootimg	2026-10-05T19:12:01.0453267Z   inflating: /tmp/magisk_extracted/res/vR.xml  
build	Install Repo Tool, Magiskboot & unpack_bootimg	2026-10-05T19:12:01.0454543Z   inflating: /tmp/magisk_extracted/res/vT.xml  
build	Install Repo Tool, Magiskboot & unpack_bootimg	2026-10-05T19:12:01.0455459Z   inflating: /tmp/magisk_extracted/res/vZ.xml  
build	Install Repo Tool, Magiskboot & unpack_bootimg	2026-10-05T19:12:01.0456446Z   inflating: /tmp/magisk_extracted/res/vf.xml  
build	Install Repo Tool, Magiskboot & unpack_bootimg	2026-10-05T19:12:01.0457504Z   inflating: /tmp/magisk_extracted/res/vl.xml  
build	Install Repo Tool, Magiskboot & unpack_bootimg	2026-10-05T19:12:01.0458538Z   inflating: /tmp/magisk_extracted/res/vq.xml  
build	Install Repo Tool, Magiskboot & unpack_bootimg	2026-10-05T19:12:01.0459723Z   inflating: /tmp/magisk_extracted/res/vy.xml  
build	Install Repo Tool, Magiskboot & unpack_bootimg	2026-10-05T19:12:01.0460504Z  extracting: /tmp/magisk_extracted/res/vz.9.png  
build	Install Repo Tool, Magiskboot & unpack_bootimg	2026-10-05T19:12:01.0461450Z   inflating: /tmp/magisk_extracted/res/vz.xml  
build	Install Repo Tool, Magiskboot & unpack_bootimg	2026-10-05T19:12:01.0462602Z   inflating: /tmp/magisk_extracted/res/w1.xml  
build	Install Repo Tool, Magiskboot & unpack_bootimg	2026-10-05T19:12:01.0463758Z   inflating: /tmp/magisk_extracted/res/w4.xml  
build	Install Repo Tool, Magiskboot & unpack_bootimg	2026-10-05T19:12:01.0464990Z  extracting: /tmp/magisk_extracted/res/w7.png  
build	Install Repo Tool, Magiskboot & unpack_bootimg	2026-10-05T19:12:01.0465907Z   inflating: /tmp/magisk_extracted/res/w9.xml  
build	Install Repo Tool, Magiskboot & unpack_bootimg	2026-10-05T19:12:01.0466847Z  extracting: /tmp/magisk_extracted/res/wL.9.png  
build	Install Repo Tool, Magiskboot & unpack_bootimg	2026-10-05T19:12:01.0467695Z  extracting: /tmp/magisk_extracted/res/wN.9.png  
build	Install Repo Tool, Magiskboot & unpack_bootimg	2026-10-05T19:12:01.0468674Z   inflating: /tmp/magisk_extracted/res/wP.xml  
build	Install Repo Tool, Magiskboot & unpack_bootimg	2026-10-05T19:12:01.0469901Z   inflating: /tmp/magisk_extracted/res/wT.xml  
build	Install Repo Tool, Magiskboot & unpack_bootimg	2026-10-05T19:12:01.0470743Z  extracting: /tmp/magisk_extracted/res/w_.png  
build	Install Repo Tool, Magiskboot & unpack_bootimg	2026-10-05T19:12:01.0471908Z   inflating: /tmp/magisk_extracted/res/wd.xml  
build	Install Repo Tool, Magiskboot & unpack_bootimg	2026-10-05T19:12:01.0472796Z   inflating: /tmp/magisk_extracted/res/wh.xml  
build	Install Repo Tool, Magiskboot & unpack_bootimg	2026-10-05T19:12:01.0474535Z   inflating: /tmp/magisk_extracted/res/wk.xml  
build	Install Repo Tool, Magiskboot & unpack_bootimg	2026-10-05T19:12:01.0475377Z   inflating: /tmp/magisk_extracted/res/wr.xml  
build	Install Repo Tool, Magiskboot & unpack_bootimg	2026-10-05T19:12:01.0476259Z  extracting: /tmp/magisk_extracted/res/x3.9.png  
build	Install Repo Tool, Magiskboot & unpack_bootimg	2026-10-05T19:12:01.0477155Z  extracting: /tmp/magisk_extracted/res/xH.png  
build	Install Repo Tool, Magiskboot & unpack_bootimg	2026-10-05T19:12:01.0478136Z   inflating: /tmp/magisk_extracted/res/xH.xml  
build	Install Repo Tool, Magiskboot & unpack_bootimg	2026-10-05T19:12:01.0479232Z   inflating: /tmp/magisk_extracted/res/xI.xml  
build	Install Repo Tool, Magiskboot & unpack_bootimg	2026-10-05T19:12:01.0480255Z   inflating: /tmp/magisk_extracted/res/xN.xml  
build	Install Repo Tool, Magiskboot & unpack_bootimg	2026-10-05T19:12:01.0481429Z   inflating: /tmp/magisk_extracted/res/xQ.xml  
build	Install Repo Tool, Magiskboot & unpack_bootimg	2026-10-05T19:12:01.0482280Z  extracting: /tmp/magisk_extracted/res/xR.9.png  
build	Install Repo Tool, Magiskboot & unpack_bootimg	2026-10-05T19:12:01.0483154Z  extracting: /tmp/magisk_extracted/res/xa.9.png  
build	Install Repo Tool, Magiskboot & unpack_bootimg	2026-10-05T19:12:01.0484516Z   inflating: /tmp/magisk_extracted/res/xa.xml  
build	Install Repo Tool, Magiskboot & unpack_bootimg	2026-10-05T19:12:01.0485537Z   inflating: /tmp/magisk_extracted/res/xd.xml  
build	Install Repo Tool, Magiskboot & unpack_bootimg	2026-10-05T19:12:01.0486490Z   inflating: /tmp/magisk_extracted/res/xj.xml  
build	Install Repo Tool, Magiskboot & unpack_bootimg	2026-10-05T19:12:01.0487468Z   inflating: /tmp/magisk_extracted/res/xo.xml  
build	Install Repo Tool, Magiskboot & unpack_bootimg	2026-10-05T19:12:01.0488373Z   inflating: /tmp/magisk_extracted/res/y-.xml  
build	Install Repo Tool, Magiskboot & unpack_bootimg	2026-10-05T19:12:01.0489275Z   inflating: /tmp/magisk_extracted/res/y4.xml  
build	Install Repo Tool, Magiskboot & unpack_bootimg	2026-10-05T19:12:01.0490373Z   inflating: /tmp/magisk_extracted/res/yE.xml  
build	Install Repo Tool, Magiskboot & unpack_bootimg	2026-10-05T19:12:01.0491891Z   inflating: /tmp/magisk_extracted/res/yG.xml  
build	Install Repo Tool, Magiskboot & unpack_bootimg	2026-10-05T19:12:01.0492622Z  extracting: /tmp/magisk_extracted/res/yH.9.png  
build	Install Repo Tool, Magiskboot & unpack_bootimg	2026-10-05T19:12:01.0494390Z   inflating: /tmp/magisk_extracted/res/yL.xml  
build	Install Repo Tool, Magiskboot & unpack_bootimg	2026-10-05T19:12:01.0495170Z   inflating: /tmp/magisk_extracted/res/yO.xml  
build	Install Repo Tool, Magiskboot & unpack_bootimg	2026-10-05T19:12:01.0496334Z   inflating: /tmp/magisk_extracted/res/yP.xml  
build	Install Repo Tool, Magiskboot & unpack_bootimg	2026-10-05T19:12:01.0497268Z   inflating: /tmp/magisk_extracted/res/yT.xml  
build	Install Repo Tool, Magiskboot & unpack_bootimg	2026-10-05T19:12:01.0498434Z   inflating: /tmp/magisk_extracted/res/yV.xml  
build	Install Repo Tool, Magiskboot & unpack_bootimg	2026-10-05T19:12:01.0499352Z   inflating: /tmp/magisk_extracted/res/yW.xml  
build	Install Repo Tool, Magiskboot & unpack_bootimg	2026-10-05T19:12:01.0500261Z  extracting: /tmp/magisk_extracted/res/yY.9.png  
build	Install Repo Tool, Magiskboot & unpack_bootimg	2026-10-05T19:12:01.0501201Z   inflating: /tmp/magisk_extracted/res/yY.xml  
build	Install Repo Tool, Magiskboot & unpack_bootimg	2026-10-05T19:12:01.0502176Z   inflating: /tmp/magisk_extracted/res/ya.xml  
build	Install Repo Tool, Magiskboot & unpack_bootimg	2026-10-05T19:12:01.0503058Z  extracting: /tmp/magisk_extracted/res/yg.9.png  
build	Install Repo Tool, Magiskboot & unpack_bootimg	2026-10-05T19:12:01.0504766Z   inflating: /tmp/magisk_extracted/res/yz.xml  
build	Install Repo Tool, Magiskboot & unpack_bootimg	2026-10-05T19:12:01.0506040Z   inflating: /tmp/magisk_extracted/res/yz1.xml  
build	Install Repo Tool, Magiskboot & unpack_bootimg	2026-10-05T19:12:01.0506858Z  extracting: /tmp/magisk_extracted/res/z-.9.png  
build	Install Repo Tool, Magiskboot & unpack_bootimg	2026-10-05T19:12:01.0508258Z   inflating: /tmp/magisk_extracted/res/z7.xml  
build	Install Repo Tool, Magiskboot & unpack_bootimg	2026-10-05T19:12:01.0509022Z  extracting: /tmp/magisk_extracted/res/z9.9.png  
build	Install Repo Tool, Magiskboot & unpack_bootimg	2026-10-05T19:12:01.0509883Z  extracting: /tmp/magisk_extracted/res/zE.png  
build	Install Repo Tool, Magiskboot & unpack_bootimg	2026-10-05T19:12:01.0510874Z   inflating: /tmp/magisk_extracted/res/zG.xml  
build	Install Repo Tool, Magiskboot & unpack_bootimg	2026-10-05T19:12:01.0511778Z  extracting: /tmp/magisk_extracted/res/zL.png  
build	Install Repo Tool, Magiskboot & unpack_bootimg	2026-10-05T19:12:01.0512751Z   inflating: /tmp/magisk_extracted/res/zL.xml  
build	Install Repo Tool, Magiskboot & unpack_bootimg	2026-10-05T19:12:01.0514035Z   inflating: /tmp/magisk_extracted/res/zR.xml  
build	Install Repo Tool, Magiskboot & unpack_bootimg	2026-10-05T19:12:01.0515058Z  extracting: /tmp/magisk_extracted/res/zV.9.png  
build	Install Repo Tool, Magiskboot & unpack_bootimg	2026-10-05T19:12:01.0516174Z   inflating: /tmp/magisk_extracted/res/zc.xml  
build	Install Repo Tool, Magiskboot & unpack_bootimg	2026-10-05T19:12:01.0517115Z   inflating: /tmp/magisk_extracted/res/zp.xml  
build	Install Repo Tool, Magiskboot & unpack_bootimg	2026-10-05T19:12:01.0518072Z   inflating: /tmp/magisk_extracted/res/zq.xml  
build	Install Repo Tool, Magiskboot & unpack_bootimg	2026-10-05T19:12:01.0519069Z  extracting: /tmp/magisk_extracted/res/zz.png  
build	Install Repo Tool, Magiskboot & unpack_bootimg	2026-10-05T19:12:01.0607313Z  extracting: /tmp/magisk_extracted/resources.arsc  
build	Install Repo Tool, Magiskboot & unpack_bootimg	2026-10-05T19:12:01.0704248Z Cloning into '/tmp/mkbootimg'...
build	Install Repo Tool, Magiskboot & unpack_bootimg	2026-10-05T19:12:01.4531251Z go: cannot find main module, but found .git/config in /tmp/mkbootimg
build	Install Repo Tool, Magiskboot & unpack_bootimg	2026-10-05T19:12:01.4532174Z 	to create a module there, run:
build	Install Repo Tool, Magiskboot & unpack_bootimg	2026-10-05T19:12:01.4532759Z 	go mod init
build	Install Repo Tool, Magiskboot & unpack_bootimg	2026-10-05T19:12:01.4549845Z ##[error]Process completed with exit code 1.
